search_role,job_title,company_name,experience,location,skills,posted_date,job_link
Data Scientist,Data Scientist,PayU,0-3 yrs,Gurugram,"Usage, Statistical analysis, Analytical, Focus, Programming, Data mining, Business understanding, Analytics",3 days ago,https://www.naukri.com/job-listings-data-scientist-payu-india-gurugram-0-to-3-years-300326502718
Data Scientist,Data Scientist,Paytm,1-3 yrs,Gurugram,"data scientist, algorithms, python, scala, data processing, machine learning, cloud platform, cloud",2 days ago,https://www.naukri.com/job-listings-data-scientist-one97-communications-limited-gurugram-1-to-3-years-310326918257
Data Scientist,Data Scientist,Siemens,10-15 yrs,Bengaluru,"data scientist, time series analysis, snowflake, python, github, project management, ai, databricks",6 days ago,https://www.naukri.com/job-listings-data-scientist-siemens-limited-bengaluru-10-to-15-years-270326915025
Data Scientist,Data Scientist - Service Parts Supply Chain,Philips,10-15 yrs,Bengaluru,"Supply chain, Supply chain management, ERP, Performance management, Project management, Process improvement, Business analytics, Healthcare",1 day ago,https://www.naukri.com/job-listings-data-scientist-service-parts-supply-chain-philips-india-limited-bengaluru-10-to-15-years-020426508504
Data Scientist,Data Scientist,Narayana Health (NH),1-3 yrs,Hybrid - Bengaluru,"Tensorflow, Machine Learning, Python, Artificial Intelligence, Deep Learning, SQL, Machine, Intelligence",1 day ago,https://www.naukri.com/job-listings-data-scientist-narayana-health-nh-bengaluru-1-to-3-years-010426015191
Data Scientist,Data Scientist,Infosys,10-14 yrs,Bengaluru,"data scientist, analytics, data science, machine learning, financial services, communication skills, Data, Machine",2 days ago,https://www.naukri.com/job-listings-data-scientist-infosys-limited-bengaluru-10-to-14-years-310326930987
Data Scientist,Data Scientist-Artificial Intelligence,IBM,10-15 yrs,Gurugram,"data scientist, operations, b2b, semiconductor, fabrication, design, manufacturing, mes",1 day ago,https://www.naukri.com/job-listings-data-scientist-artificial-intelligence-ibm-india-pvt-limited-gurugram-10-to-15-years-020426929265
Data Analyst,Looking For immediate joiners - Lab Data Analyst-Python Programming,IQVIA,0-1 yrs,Hybrid - Bengaluru,"PYTHON PROGRAMMING, Pyspark, Logical Approach, Python Data Analytics, Python Data, PYTHON SCRIPTING, Numpy, Logic",1 day ago,https://www.naukri.com/job-listings-looking-for-immediate-joiners-lab-data-analyst-python-programming-iqvia-bengaluru-0-to-1-years-051125000118
Data Analyst,Data Analyst,Jindal Aluminium,0-2 yrs,Bengaluru,"Analytical skills, tableau, Excel, Database management, power bi, Data Analyst, Operations, Data warehousing",1 week ago,https://www.naukri.com/job-listings-data-analyst-jindal-aluminium-ltd-bengaluru-0-to-2-years-260326501248
Data Analyst,Data Analyst,MNC,0-2 yrs,"Pimpri-Chinchwad, Pune","Google Sheets, Power Bi, MS Office, SQL, Data Analytics, Large Databases, Google Data Studio, data vis",1 day ago,https://www.naukri.com/job-listings-data-analyst-tele-infotech-pimpri-chinchwad-pune-0-to-2-years-020426035841
Data Analyst,Data Analyst (Walk in Interview),Wyzmindz Solutions,0-1 yrs,Bengaluru,"Power Bi, Data Analytics, Bi Tools, Tableau, Bi, Interviewing, Data analysis, Analytics",6 days ago,https://www.naukri.com/job-listings-data-analyst-walk-in-interview-wyzmindz-solutions-bengaluru-0-to-1-years-270326011326
Data Analyst,Data Analyst,Great Place to Work,0-2 yrs,Hybrid - Mumbai(Lower Parel),"Power Bi, Data Analysis, Excel, Research Analysis, Data Visualization, Dashboards, Data Reporting, SQL",1 day ago,https://www.naukri.com/job-listings-data-analyst-great-place-to-work-mumbai-0-to-2-years-170326021042
Data Analyst,Data Analyst,Clustor Computing,0-2 yrs,Nagpur,"Analytical skills, Data analysis, Manager Quality Assurance, data science, power bi, Data analytics, data visualization, digital transformation",2 weeks ago,https://www.naukri.com/job-listings-data-analyst-cluster-computing-nagpur-0-to-2-years-190326505544
Data Analyst,Data Analyst,21K SchoolMindreflex Technologies,1-3 yrs,Bengaluru(Indira Nagar),"Power Bi, SQL, Data Management, Data Discrepency, Data Analysis, Tableau, Data Analytics, Governance",2 days ago,https://www.naukri.com/job-listings-data-analyst-21k-schoolmindreflex-technologies-bengaluru-1-to-3-years-010426011050
Data Analyst,Analyst/Data Analyst - Val Rsch,eClerx,0-2 yrs,Coimbatore,"linguistics, language teaching, data analysis, data analytics, analytical, data validation, verbal communication, problem solving",6 days ago,https://www.naukri.com/job-listings-analyst-data-analyst-val-rsch-eclerx-services-ltd-coimbatore-0-to-2-years-270326012951
Data Analyst,Data Analyst - Perch Energy,Arcadia,0-3 yrs,Chennai,"SQL queries, Data analysis, Excel, Analog, Billing, Data Analyst, Medical insurance, Troubleshooting",1 day ago,https://www.naukri.com/job-listings-data-analyst-perch-energy-arcadia-chennai-0-to-3-years-010426502808
Data Analyst,Data Analyst - Perch Energy,Arcadia,0-3 yrs,Chennai,"SQL queries, Data analysis, Excel, Analog, Billing, Data Analyst, Medical insurance, Troubleshooting",1 day ago,https://www.naukri.com/job-listings-data-analyst-perch-energy-arcadia-chennai-0-to-3-years-010426502810
Data Analyst,Data Analyst,Legistify,0-1 yrs,Gurugram,"metadata, python, data analysis, data management, data analytics, data validation, configuration, data mining",3+ weeks ago,https://www.naukri.com/job-listings-data-analyst-legistify-gurugram-0-to-1-years-221124503733
Data Analyst,Data & Backend Analyst,Backrock Studios,0-2 yrs,Bengaluru,"Backend, Senior Analyst, Gaming, Senior, Data",1 week ago,https://www.naukri.com/job-listings-data-backend-analyst-backrock-studios-bengaluru-0-to-2-years-230326505250
Data Analyst,Data Analyst,Ebizneeds (India) Internet Solutions Pvt. Ltd,0-3 yrs,Jaipur,"master data, metadata, python, data analysis, data management, data analytics, data validation, configuration",3+ weeks ago,https://www.naukri.com/job-listings-data-analyst-ebizneeds-india-internet-solutions-pvt-ltd-jaipur-0-to-3-years-140725501950
Data Analyst,Data Analyst,eAspire Technolabs Inc.,0-1 yrs,Gurugram,"Power Bi, Bi Tools, Tableau, Data, Tools, Data analysis, Bi",2 weeks ago,https://www.naukri.com/job-listings-data-analyst-evoke-hr-gurugram-0-to-1-years-190326022622
Data Analyst,Data Analyst,S&P Global Market Intelligence,0-2 yrs,Gurugram,"data analyst, data analytics, power bi, analytical skills, environmental science, research, sustainability reporting, sql",3 weeks ago,https://www.naukri.com/job-listings-data-analyst-s-p-capital-iq-india-pvt-ltd-gurugram-0-to-2-years-100326927740
Data Analyst,Data analyst,Inginit,0-3 yrs,Mumbai,"master data, metadata, python, data analysis, data management, data analytics, data validation, configuration",3+ weeks ago,https://www.naukri.com/job-listings-data-analyst-inginit-mumbai-0-to-3-years-020925501272
Data Analyst,Data Analyst,Hiringhood,1-3 yrs,Mangaluru,"Pyspark, Pandas, Data Analytics, Python, SQL, Azure Cloud, Data Structures, Ci/Cd",1 week ago,https://www.naukri.com/job-listings-data-analyst-hiringhood-mangaluru-1-to-3-years-130326024180
Data Analyst,Data Analyst (Deployment),Legistify,0-2 yrs,Gurugram,"metadata, python, data analysis, data management, data analytics, data validation, configuration, data mining",3+ weeks ago,https://www.naukri.com/job-listings-data-analyst-deployment-legistify-gurugram-0-to-2-years-221124503740
Data Analyst,Data Engineer / Analyst,We Shine Academy,0-3 yrs,Chennai,"hive, python, data analysis, data analytics, oracle, scala, data mining, data warehousing",3+ weeks ago,https://www.naukri.com/job-listings-data-engineer-analyst-we-shine-academic-chennai-0-to-3-years-080125502324
Data Analyst,Data Analyst,K12 Techno Services,1-3 yrs,Bengaluru,"Advanced Excel, Data Reporting, Transport Operations, Transport Management, Pivot Table, VLOOKUP, Fleet Management, Data Management",1 week ago,https://www.naukri.com/job-listings-data-analyst-k12-techno-services-bengaluru-1-to-3-years-240326019466
Data Analyst,Data Analyst,Grid Dynamics,10-20 yrs,Bengaluru,"Power Bi, Data, Dashboards, Bi, Data analysis",6 days ago,https://www.naukri.com/job-listings-data-analyst-grid-dynamics-bengaluru-10-to-20-years-270326021153
Machine Learning Engineer,Artificial Intelligence / Machine Learning Engineer Lead,FIS,10-15 yrs,Pune,"llm, insurance, trading, rest, mlops, python, restful, ai",1 week ago,https://www.naukri.com/job-listings-artificial-intelligence-machine-learning-engineer-lead-fis-global-business-solutions-india-pvt-ltd-pune-10-to-15-years-250326915179
Machine Learning Engineer,Principal Machine Learning Engineer,Amgen Inc,10-15 yrs,Hyderabad,"Machine Learning, mlops, python, aws sagemaker, databricks, llm, gdpr, tensorflow",1 week ago,https://www.naukri.com/job-listings-principal-machine-learning-engineer-amgen-inc-hyderabad-10-to-15-years-200326912697
Machine Learning Engineer,"Engineer Lead, Artificial Intelligence / Machine Learning",FIS,10-15 yrs,Pune,"data scientist, python, forecasting, ai, numpy, machine learning, artificial intelligence, nosql",2 weeks ago,https://www.naukri.com/job-listings-engineer-lead-artificial-intelligence-machine-learning-fis-global-business-solutions-india-pvt-ltd-pune-10-to-15-years-190326920773
Machine Learning Engineer,Data Science-Machine learning Engineer,EXL,0-3 yrs,Gurugram,"Marketing analytics, QC, C, SAS, Analytical, Machine learning, Programming, Data analytics",1 day ago,https://www.naukri.com/job-listings-data-science-machine-learning-engineer-exl-services-com-i-pvt-ltd-gurugram-0-to-3-years-020426509943
Machine Learning Engineer,Principal Machine Learning Engineer,Siemens,10-15 yrs,Noida,"machine learning, rds, kubernetes, docker, lambda, iam, spark, pytorch",6 days ago,https://www.naukri.com/job-listings-principal-machine-learning-engineer-siemens-limited-noida-10-to-15-years-270326918189
Machine Learning Engineer,Associate Director - Machine Learning Engineer,S&P Global Market Intelligence,10-15 yrs,Hyderabad,"machine learning, kubernetes, sql, microservices, docker, data science, spark, apache spark",1 day ago,https://www.naukri.com/job-listings-associate-director-machine-learning-engineer-s-p-capital-iq-india-pvt-ltd-hyderabad-10-to-15-years-020426929125
Machine Learning Engineer,Machine Learning Engineer,Agdata,10-20 yrs,Hybrid - Pune(Balewadi),"Data Science, Machine Learning, Deep Learning, Python, SQL, Artificial Intelligence, ETL, Science",2 days ago,https://www.naukri.com/job-listings-machine-learning-engineer-agdata-pune-10-to-20-years-310326034911
Machine Learning Engineer,Artificial Intelligence / Machine Learning Engineer Lead,FIS,10-15 yrs,Pune,"machine learning, insurance, trading, rest, mlops, python, restful, ai",1 week ago,https://www.naukri.com/job-listings-artificial-intelligence-machine-learning-engineer-lead-fis-global-business-solutions-india-pvt-ltd-pune-10-to-15-years-250326915182
AI Engineer,Artificial Intelligence Engineer,WABAG,10-18 yrs,Chennai,"Process Automation, AI, Data Analytics, Process, Intelligence, Analytics, Artificial Intelligence, Automation",3 weeks ago,https://www.naukri.com/job-listings-artificial-intelligence-engineer-wabag-chennai-10-to-18-years-110326035852
Data Engineer,BTS A: Data Engineer,ZS,0-3 yrs,"New Delhi, Gurugram","SQL, ETL, AWS, Python, S3, Airflow, Pyspark, Redshift",2 weeks ago,https://www.naukri.com/job-listings-bts-a-data-engineer-zs-new-delhi-gurugram-0-to-3-years-140326011286
Frontend Developer,Frontend Developer,Foxiom Leads,0-1 yrs,Kozhikode,"frontend development, front end, emerging technologies, css, ui development, user interface designing, photoshop, bootstrap",3+ weeks ago,https://www.naukri.com/job-listings-frontend-developer-foxiom-leads-pvt-ltd-kozhikode-0-to-1-years-301025503066
Frontend Developer,Frontend Developer,TechKnowledgeHub.org,0-2 yrs,Remote,"Front end, Scalability, html5, Shaping, Web development, Javascript, HTML, Information technology",3+ weeks ago,https://www.naukri.com/job-listings-frontend-developer-techknowledgehub-org-remote-0-to-2-years-220424500456
Frontend Developer,Frontend Developer,Techsolv It Service,0-2 yrs,Bardhaman,"frontend development, front end, emerging technologies, css, ui development, user interface designing, photoshop, bootstrap",3+ weeks ago,https://www.naukri.com/job-listings-frontend-developer-techsolv-it-service-bardhaman-0-to-2-years-250325505417
Frontend Developer,Frontend Developer,Clumpcoder,0-1 yrs,Indore,"react.js, frontend development, front end, web application, web technologies, Front, Development, Application",3+ weeks ago,https://www.naukri.com/job-listings-frontend-developer-clumpcoder-indore-0-to-1-years-200126505068
Frontend Developer,Frontend Developer,Shrewd Business Solutions,0-2 yrs,Coimbatore,"frontend development, front end, emerging technologies, css, ui development, user interface designing, photoshop, bootstrap",3+ weeks ago,https://www.naukri.com/job-listings-frontend-developer-shrewd-business-solutions-coimbatore-0-to-2-years-131125503792
Frontend Developer,Frontend Developer,Imperative Business Ventures,0-2 yrs,Pune,"redux, css, ui development, bootstrap, ajax, scalability, jquery, react.js",3+ weeks ago,https://www.naukri.com/job-listings-frontend-developer-imperative-business-ventures-pvt-ltd-pune-0-to-2-years-251025503911
Frontend Developer,Frontend Developer,Metconnect Infotech,0-1 yrs,Patna,"Backend, Front end, Web technologies, html5, Javascript, CSS3, HTML, Frontend Development",3+ weeks ago,https://www.naukri.com/job-listings-frontend-developer-metconnect-infotech-pvt-ltd-patna-0-to-1-years-240226502078
Frontend Developer,Frontend Developer,Link Ideas Technologies,0-3 yrs,Bhilai,"redux, css, web application, ui development, bootstrap, ajax, jquery, react.js",3+ weeks ago,https://www.naukri.com/job-listings-frontend-developer-link-ideas-technologies-bhilai-0-to-3-years-270525502135
Frontend Developer,Frontend Developer,Swipfe Infotech,0-2 yrs,Pune,"Backend, jQuery, Debugging, Javascript, Web designing, JSON, SEO, Software services",3+ weeks ago,https://www.naukri.com/job-listings-frontend-developer-swipfe-infotech-pvt-ltd-pune-0-to-2-years-191225502792
Frontend Developer,Frontend Developer,Appentus Technologies,0-3 yrs,Jaipur,"Backend, CSS, Version control, GIT, Front end, Scalability, Debugging, Javascript",3+ weeks ago,https://www.naukri.com/job-listings-frontend-developer-appentus-technologies-jaipur-0-to-3-years-200825500997
Frontend Developer,Frontend Developer,Flying Lion Media,0-3 yrs,Ahmedabad,"frontend development, front end, emerging technologies, css, ui development, user interface designing, photoshop, bootstrap",3+ weeks ago,https://www.naukri.com/job-listings-frontend-developer-flying-lion-media-ahmedabad-0-to-3-years-111125502491
Frontend Developer,Frontend Developer,Famepilot,0-2 yrs,Gurgaon,"UI development, POP, github, Front end, Data structures, wireframing, HTML, Customer support",3+ weeks ago,https://www.naukri.com/job-listings-frontend-developer-famepilot-internet-gurgaon-0-to-2-years-140220500671
Frontend Developer,Frontend Developer,riz Software Consultancy,0-3 yrs,Kolkata,"frontend development, front end, emerging technologies, css, ui development, user interface designing, photoshop, bootstrap",3+ weeks ago,https://www.naukri.com/job-listings-frontend-developer-riz-software-consultancy-kolkata-0-to-3-years-080125502408
Frontend Developer,Frontend Developer,Cumulations,0-1 yrs,Bengaluru,"Backend, Front end, orchestration, devops, MySQL, Cloud, Agile, MongoDB",3+ weeks ago,https://www.naukri.com/job-listings-frontend-developer-cumulations-technologies-pvt-ltd-bengaluru-0-to-1-years-161025500817
Frontend Developer,Frontend Developer (m/k/d),Bluesoft Software Solution,0-3 yrs,Remote,"Cloud computing, Manager Quality Assurance, RDBMS, Coding, Project management, Consulting, power bi, Workflow",6 days ago,https://www.naukri.com/job-listings-frontend-developer-m-k-d-bluesoft-software-solution-remote-0-to-3-years-270326502386
Frontend Developer,Frontend Developer,Anantya.ai,0-2 yrs,New Delhi,"frontend development, rest, front end, redux, css, web application, version control, ui development",2 weeks ago,https://www.naukri.com/job-listings-frontend-developer-anantya-ai-new-delhi-0-to-2-years-170326503317
Frontend Developer,FRONT END DEVELOPER,Godigi Infotech,0-1 yrs,Pune,"Performance tuning, Backend, build automation, CSS, Front end, Web technologies, Debugging, JSON",3+ weeks ago,https://www.naukri.com/job-listings-front-end-developer-godigi-infotech-pune-0-to-1-years-031225503040
Frontend Developer,Frontend Developer,Pavans Group Techsoft,0-2 yrs,Vadodara,"Front end, Focus, Management, manage, coordination, Frontend Development, End, Development",2 weeks ago,https://www.naukri.com/job-listings-frontend-developer-pavans-group-techsoft-private-limited-vadodara-0-to-2-years-180326500637
Frontend Developer,Trainee UX/Frontend Developer,Evision It Solution,0-2 yrs,Gandhinagar,"jQuery, Front end, Web development, Javascript, Conceptualization, Manager Technology, Programming, HTML",3+ weeks ago,https://www.naukri.com/job-listings-trainee-ux-frontend-developer-evision-it-solutions-gandhinagar-0-to-2-years-211124505979
Frontend Developer,Frontend Developer,Crypton Tech,0-1 yrs,Erode,"Backend, Version control, GIT, Postgresql, Web development, Javascript, HTML, MongoDB",3+ weeks ago,https://www.naukri.com/job-listings-frontend-developer-crypton-tech-p-ltd-erode-0-to-1-years-251025505517
Frontend Developer,Frontend Developer Intern,Creativewebo,0-1 yrs,Navi Mumbai,"Javascript, React.Js, Ui/Ux, Ux Design, CSS, Sass, HTML, User Interface Designing",1 week ago,https://www.naukri.com/job-listings-frontend-developer-intern-creativewebo-navi-mumbai-0-to-1-years-240326930383
Frontend Developer,Frontend Developer,Itier Solutions,0-1 yrs,Pune,"CSS, jQuery, Front end, ASP.Net, HTML, Photoshop, Cs, Frontend Development",3+ weeks ago,https://www.naukri.com/job-listings-frontend-developer-itier-solutions-pune-0-to-1-years-151225503038
Frontend Developer,Frontend developers,Astech Solutions,0-3 yrs,Mumbai,"CSS, jQuery, Front end, GIT, Web technologies, Wordpress, Javascript, HTML",3+ weeks ago,https://www.naukri.com/job-listings-frontend-developers-astech-solutions-mumbai-0-to-3-years-231220501688
Frontend Developer,Frontend Developer,Seyon Business Innovation,0-1 yrs,Coimbatore,"CSS, Front end, Web technologies, Javascript, HTML, Cs, Front, Development",3+ weeks ago,https://www.naukri.com/job-listings-frontend-developer-seyon-business-innovation-coimbatore-0-to-1-years-101225501799
Frontend Developer,Frontend Developer,Acetrot,0-3 yrs,Mumbai,"Front end, Development, Frontend Development, Front, End",3+ weeks ago,https://www.naukri.com/job-listings-frontend-developer-acetrot-mumbai-0-to-3-years-090824502207
Frontend Developer,Frontend Developer,Infizius,0-1 yrs,"Mumbai, Surat","Front end, Frontend Development, End, Development, Front",3+ weeks ago,https://www.naukri.com/job-listings-frontend-developer-infizius-mumbai-surat-0-to-1-years-201124513169
Frontend Developer,Frontend Developer (React),Leifii.Co,0-1 yrs,Pune,"redux, css, web application, ui development, bootstrap, ajax, jquery, react.js",1 day ago,https://www.naukri.com/job-listings-frontend-developer-react-leifii-co-pune-0-to-1-years-010426505583
Frontend Developer,Front End Developer,Ipropal,0-2 yrs,"Kolkata, Mumbai, New Delhi, Hyderabad, Pune, Chennai, Bengaluru","Computer science, Basic, Backend, github, Front end, GIT, Web technologies, Javascript",1 day ago,https://www.naukri.com/job-listings-front-end-developer-ipropal-allps-kolkata-mumbai-new-delhi-hyderabad-pune-chennai-bengaluru-0-to-2-years-010426505767
Frontend Developer,Frontend Developer,Milestone Infosoft Solutions,0-3 yrs,Mumbai,"Backend, Web technologies, Front end, Web development, Javascript, Front, End, Frontend Development",3+ weeks ago,https://www.naukri.com/job-listings-frontend-developer-milestone-infosoft-solutions-private-limited-mumbai-0-to-3-years-211124507509
Frontend Developer,Frontend Developer Intern,Avian Experiences,0-2 yrs,Ahmedabad,"nextjs, redux, css, ui development, vue.js, bootstrap, ajax, jquery",3+ weeks ago,https://www.naukri.com/job-listings-frontend-developer-intern-avian-experiences-ahmedabad-0-to-2-years-240125501801
Frontend Developer,Jr. Frontend Developer,Enzigma Software,0-1 yrs,Pune,"Computer science, jQuery, GIT, Networking, Coding, Web development, Javascript, HTML",2 weeks ago,https://www.naukri.com/job-listings-jr-frontend-developer-enzigma-software-pvt-ltd-pune-0-to-1-years-170326501822
Frontend Developer,Front-End Developer,Supercode,0-1 yrs,Bengaluru,"frontend development, front end, css, web application, wordpress, cms, front end technologies, backend development",3+ weeks ago,https://www.naukri.com/job-listings-front-end-developer-supercode-bengaluru-0-to-1-years-010725503419
Frontend Developer,Frontend Developer Trainee,eAspire Technolabs Inc.,0-1 yrs,Lucknow,"Angularjs, Javascript, React.Js, Training, Front end, Development, Training And Development",1 week ago,https://www.naukri.com/job-listings-frontend-developer-trainee-evoke-hr-lucknow-0-to-1-years-250326028875
Frontend Developer,Frontend Developer,PRODAT,1-3 yrs,Bengaluru,"frontend development, front end, emerging technologies, css, ui development, user interface designing, photoshop, bootstrap",3+ weeks ago,https://www.naukri.com/job-listings-frontend-developer-prodat-bengaluru-1-to-3-years-131125503844
Frontend Developer,Frontend Developer,Yugasys Software,1-3 yrs,Bengaluru,"frontend development, front end, emerging technologies, css, ui development, user interface designing, photoshop, bootstrap",3+ weeks ago,https://www.naukri.com/job-listings-frontend-developer-yugasys-software-bengaluru-1-to-3-years-161025501353
Frontend Developer,Creative Frontend Developer Intern AI Powered,Utsavy,0-2 yrs,Jaipur,"Training, CSS, Usage, Front end, Web technologies, Intern, Coding, Javascript",3+ weeks ago,https://www.naukri.com/job-listings-creative-frontend-developer-intern-ai-powered-utsavy-jaipur-0-to-2-years-310126502631
Backend Developer,Backend Developer For WK,EXL,1-3 yrs,New Delhi,"Performance tuning, Front end, Data modeling, Billing, Javascript, HTTP, microsoft, Analytics",3+ weeks ago,https://www.naukri.com/job-listings-backend-developer-for-wk-exl-services-com-i-pvt-ltd-new-delhi-1-to-3-years-160226506016
Backend Developer,Backend Developer,Vibencode,1-3 yrs,Indore,"Backend, Networking, Django, Debugging, Data structures, System design, data integrity, Distribution system",1 day ago,https://www.naukri.com/job-listings-backend-developer-vibencode-indore-1-to-3-years-010426504520
Backend Developer,Backend Developer,STUTZEN,0-1 yrs,Sivakasi,"C++, Backend, Hibernate, Manager Quality Assurance, Coding, PHP, test driven development, JSF",2 weeks ago,https://www.naukri.com/job-listings-backend-developer-stutzen-corporates-private-limited-sivakasi-0-to-1-years-190326505447
Backend Developer,Backend developer,Fan Tv Ai,0-2 yrs,Noida,"Nodejs, IIT, Backend developer, NIT, Tier 1 college, Python, Backend Development, Backend",2 days ago,https://www.naukri.com/job-listings-backend-developer-fan-tv-ai-noida-0-to-2-years-310326913210
Backend Developer,Rust Backend Developer,Alkye Services,0-1 yrs,Mohali(Phase 8 Industrial Area),"Rust, Actix, Docker, Kubernetes, Development, Backend",1 day ago,https://www.naukri.com/job-listings-rust-backend-developer-alkye-services-mohali-0-to-1-years-020426024790
Backend Developer,backend developer,Routematic,0-3 yrs,Bengaluru,"Backend, Interpersonal skills, Front end, GIT, Analytical, Javascript, Continuous improvement, SQL",3+ weeks ago,https://www.naukri.com/job-listings-backend-developer-routematic-bengaluru-0-to-3-years-121125500441
Backend Developer,Backend Developer,Flying Lion Media,0-2 yrs,Ahmedabad,"server, css, web application architecture, dbms, ajax, jquery, sql, database design",3+ weeks ago,https://www.naukri.com/job-listings-backend-developer-flying-lion-media-ahmedabad-0-to-2-years-111125502500
Backend Developer,Backend Developer |,Lambdatest,1-3 yrs,Noida,"Backend, Architecture, Coding, Analytical, Cloud, Wellness, Distribution system, Team building",1 week ago,https://www.naukri.com/job-listings-backend-developer-lambdatest-noida-1-to-3-years-250326506317
Backend Developer,Backend Developer,The Fast Way,0-2 yrs,"Mumbai, Navi Mumbai","Health insurance, SIDE, Front end, Version control, GIT, Coding, data security, MySQL",3+ weeks ago,https://www.naukri.com/job-listings-backend-developer-the-fast-way-mumbai-navi-mumbai-0-to-2-years-301225505178
Backend Developer,Backend Developer,Anantya.ai,0-1 yrs,New Delhi,"css, screening, hibernate, jquery, sourcing, sql, microservices, spring",2 weeks ago,https://www.naukri.com/job-listings-backend-developer-anantya-ai-new-delhi-0-to-1-years-170326503318
Backend Developer,Backend Developer,Metconnect Infotech,0-1 yrs,Patna,"spring boot, Backend, Architecture, Postgresql, MySQL, Debugging, AWS, microservices",3+ weeks ago,https://www.naukri.com/job-listings-backend-developer-metconnect-infotech-pvt-ltd-patna-0-to-1-years-240226502070
Backend Developer,Backend Developer,Link Ideas Technologies,0-3 yrs,Bhilai,"css, c++, bootstrap, hibernate, ajax, jquery, sql, react.js",3+ weeks ago,https://www.naukri.com/job-listings-backend-developer-link-ideas-technologies-bhilai-0-to-3-years-270525502132
Backend Developer,Backend Developer,Requin Solutions,0-1 yrs,Jaipur,"web application architecture, dbms, ajax, jquery, sql, database design, spring, java",3+ weeks ago,https://www.naukri.com/job-listings-backend-developer-requin-group-jaipur-0-to-1-years-280625501253
Backend Developer,Experienced Backend Developer,STUTZEN,1-3 yrs,Sivakasi,"C++, Hibernate, Manager Quality Assurance, Coding, Javascript, Agile, PHP, HTML",2 weeks ago,https://www.naukri.com/job-listings-experienced-backend-developer-stutzen-corporates-private-limited-sivakasi-1-to-3-years-190326505448
Backend Developer,Backend Developer,Morpich Design,0-3 yrs,Surat,"Computer science, Backend, Data modeling, data manipulation, Django, MySQL, Web development, Cloud",3+ weeks ago,https://www.naukri.com/job-listings-backend-developer-morpich-design-surat-0-to-3-years-240524500186
Backend Developer,Backend Developer,Acetrot,0-2 yrs,Mumbai,"Backend, Development, Backend Development",3+ weeks ago,https://www.naukri.com/job-listings-backend-developer-acetrot-mumbai-0-to-2-years-090824502206
Backend Developer,Backend Developer,Dream Wealth Research,0-2 yrs,Amod,"Backend, C, Sales, Debugging, Deployment, German, Testing, Software testing",3+ weeks ago,https://www.naukri.com/job-listings-backend-developer-dream-wealth-research-amod-0-to-2-years-190525502367
Backend Developer,Backend Developer,Ambion Softwares,0-2 yrs,Erode,"web application architecture, dbms, jquery, sql, database design, java, git, ruby rails",3+ weeks ago,https://www.naukri.com/job-listings-backend-developer-ambion-softwares-erode-0-to-2-years-040724500476
Backend Developer,Backend Developer,Encoresky Technologies,0-2 yrs,Indore,"Backend, Backend Development, Development",3+ weeks ago,https://www.naukri.com/job-listings-backend-developer-encoresky-technologies-pvt-ltd-indore-0-to-2-years-150925503367
Backend Developer,Backend Developer,Startelelogic,0-3 yrs,Noida,"Backend, Front end, Version control, Networking, Postgresql, MySQL, Web development, PHP",3+ weeks ago,https://www.naukri.com/job-listings-backend-developer-startelelogic-noida-0-to-3-years-190625503274
Backend Developer,Backend Developer,Seyon Business Innovation,0-1 yrs,Coimbatore,"Backend, NoSQL, Enterprise applications, Javascript, SQL, Python, Development, Enterprise",3+ weeks ago,https://www.naukri.com/job-listings-backend-developer-seyon-business-innovation-coimbatore-0-to-1-years-101225501807
Backend Developer,Backend Developer,Walk Digitally,0-2 yrs,Bhubaneswar,"innovation, excel, stakeholder management, multitasking, analytical skills, work ethics, Ethics, Backend",3+ weeks ago,https://www.naukri.com/job-listings-backend-developer-walk-digitally-bhubaneswar-0-to-2-years-301225506253
Backend Developer,BackEnd Developer,Clikipedia,0-1 yrs,Kolkata,"rest, python, web application architecture, dbms, backend development, javascript, jquery, sql",3+ weeks ago,https://www.naukri.com/job-listings-backend-developer-clickipedia-kolkata-0-to-1-years-050225504069
Backend Developer,Backend Developer,Mittal Alliance Industries,1-3 yrs,Indore,"algorithms, css, web application, hibernate, scalability, jquery, sql, microservices",3+ weeks ago,https://www.naukri.com/job-listings-backend-developer-mittal-alliance-industries-private-limited-indore-1-to-3-years-260226504545
Backend Developer,Backend Developer,Being Billionaire Consultancy Services,0-2 yrs,Lucknow,"Backend, Front end, Web technologies, Testing, Front, Backend Development, Development, Software testing",3+ weeks ago,https://www.naukri.com/job-listings-backend-developer-being-billionaire-consultancy-services-lucknow-0-to-2-years-031024503143
Backend Developer,Backend Developer,Mantras2success Consultants,0-3 yrs,Ahmedabad,"SIDE, Backend, Front end, Version control, GIT, HP data protector, SQL database, data manipulation",3+ weeks ago,https://www.naukri.com/job-listings-backend-developer-mantras2success-consultants-ahmedabad-0-to-3-years-011225502668
Backend Developer,Backend Developer,Apparrant Technologies Pvt.ltd.,0-2 yrs,Noida,"Backend Developer, Mysql, Wordpress, Javascript, Mvc Architecture, Jquery, Laravel, Core Php",3+ weeks ago,https://www.naukri.com/job-listings-backend-developer-apparrant-technologies-pvt-ltd-noida-0-to-2-years-300921501990
Backend Developer,Midlevel Backend Developer,JPR Systems,0-3 yrs,Jaipur,"web application architecture, dbms, ajax, jquery, sql, database design, spring, java",3+ weeks ago,https://www.naukri.com/job-listings-midlevel-backend-developer-jpr-systems-jaipur-0-to-3-years-120925502400
Backend Developer,Rust Backend Developer,Crypton Tech,0-1 yrs,Erode,"Backend, Version control, GIT, Postgresql, Agile development, MySQL, Programming, System design",3+ weeks ago,https://www.naukri.com/job-listings-rust-backend-developer-crypton-tech-p-ltd-erode-0-to-1-years-251025505519
Backend Developer,Backend Developer,Team Computers,1-3 yrs,"Hubli, Mangaluru, Mysuru, Bengaluru, Belgaum","Backend, Version control, GIT, SCALA, Javascript, Programming, Unit testing, AWS",3+ weeks ago,https://www.naukri.com/job-listings-backend-developer-team-computers-pvt-ltd-hubli-mangaluru-mysuru-bengaluru-belgaum-1-to-3-years-241125505823
Backend Developer,Backend Developer,Tangibleheed Infotech,1-3 yrs,Pune,"web application architecture, dbms, ajax, jquery, sql, database design, java, git",3+ weeks ago,https://www.naukri.com/job-listings-backend-developer-tangibleheed-infotech-pune-1-to-3-years-300125500046
Backend Developer,Backend Developer,Zenith Software,1-3 yrs,"Noida, New Delhi","web application architecture, dbms, ajax, jquery, sql, database design, spring, java",3+ weeks ago,https://www.naukri.com/job-listings-backend-developer-zenith-india-pvt-ltd-noida-new-delhi-1-to-3-years-291025502319
Backend Developer,BackEnd Developer,Epic Web Techno,1-3 yrs,Noida,"server, css, web application architecture, dbms, ajax, jquery, sql, database design",3+ weeks ago,https://www.naukri.com/job-listings-backend-developer-epic-web-techno-noida-1-to-3-years-301025502988
Backend Developer,Backend Developer,Xiarch Solutions,1-3 yrs,Gurugram,"System architecture, spring boot, Backend, cloud security, Cisa, Consulting, HIPAA, Vulnerability",3+ weeks ago,https://www.naukri.com/job-listings-backend-developer-xiarch-solutions-pvt-ltd-gurugram-1-to-3-years-181225503813
Backend Developer,Backend Developer,Anax Lifescience,10-14 yrs,Ahmedabad,"rest, python, software testing, web application architecture, dbms, backend development, javascript, jquery",3+ weeks ago,https://www.naukri.com/job-listings-backend-developer-anax-lifescience-pvt-ltd-ahmedabad-10-to-14-years-280825503491
Full Stack Developer,Full Stack Developer Apple Ads,Apple,0-10 yrs,Hyderabad,"continuous integration, Backend, Front end, Scalability, Focus, Agile, Manager Technology, IOS app",3+ weeks ago,https://www.naukri.com/job-listings-full-stack-developer-apple-ads-apple-india-pvt-ltd-hyderabad-0-to-10-years-130226502589
Full Stack Developer,Full Stack Developer - CDOT - Delhi,National Institute for Smart Government (NISG),1-3 yrs,New Delhi,"Backend, Node.Js, Spring boot, React, React.js, Full Stack, Bootstrap, Boot",3 days ago,https://www.naukri.com/job-listings-full-stack-developer-cdot-delhi-national-institute-for-smart-government-nisg-new-delhi-1-to-3-years-300326012256
Full Stack Developer,Full Stack Developer,MSCI Services,10-15 yrs,Pune,"Object oriented design, spring boot, Core Java, Spring framework, Javascript, Data structures, Spring, Development",1 day ago,https://www.naukri.com/job-listings-full-stack-developer-msci-services-pvt-ltd-pune-10-to-15-years-010426504242
Full Stack Developer,Full Stack Developer,Training Basket,0-1 yrs,Noida,"IT services, Backend, Front end, MySQL, Javascript, Database, HTML, MongoDB",2 days ago,https://www.naukri.com/job-listings-full-stack-developer-training-basket-noida-0-to-1-years-310326501681
Full Stack Developer,Full Stack Developer,Sirahu Technologies,0-2 yrs,Madurai,".Net, Angular, C#, SQL queries, Entity Framework Core, Git, ASP.NET Core, Single Sign-On",2 days ago,https://www.naukri.com/job-listings-full-stack-developer-sirahu-technologies-madurai-0-to-2-years-310326913343
Full Stack Developer,Full Stack Developer,Camp Systems,10-15 yrs,Remote,"Backend, Front end, GIT, Aviation, Database design, Cloud Services, HTML, Technology solutions",1 day ago,https://www.naukri.com/job-listings-full-stack-developer-camp-systems-pvt-ltd-remote-10-to-15-years-010426505771
Full Stack Developer,Full Stack Developer (Frontend-Heavy),Info Edge,1-3 yrs,Noida,"Generative AI, Rest API, Typescript, React.Js, CSS, MYSQL, Kafka, Kafka or Elasticsearch",6 days ago,https://www.naukri.com/job-listings-full-stack-developer-frontend-heavy-info-edge-noida-1-to-3-years-270326012685
Full Stack Developer,Full Stack Developer (Backend-Heavy),Info Edge,1-3 yrs,Noida,"Java, Generative Ai, Kafka, Spring Boot, Rest API, Microservices, Typescript, MySQL",6 days ago,https://www.naukri.com/job-listings-full-stack-developer-backend-heavy-info-edge-noida-1-to-3-years-270326012390
Full Stack Developer,Full Stack Developer,Antino Labs,0-3 yrs,Gurugram,"Backend, Version control, GIT, Front end, Web technologies, Coding, Database design, Javascript",2 weeks ago,https://www.naukri.com/job-listings-full-stack-developer-antino-labs-gurugram-0-to-3-years-190326502950
MERN Stack Developer,Mern Stack Developer,Excellence Technologies,0-1 yrs,"Noida, Delhi / NCR","Mern Stack, Node.Js, Rest API, React.Js, Ai Platform, MongoDB, Nextjs, Artificial Intelligence",1 day ago,https://www.naukri.com/job-listings-mern-stack-developer-excellence-technologies-noida-delhi-ncr-0-to-1-years-100326020012
MERN Stack Developer,MERN Stack Developer,Enlightened Digital Marketing,0-3 yrs,Vapi,"Social media marketing, Backend, Front end, Version control, GIT, Javascript, JSON, MongoDB",2 weeks ago,https://www.naukri.com/job-listings-mern-stack-developer-enlightened-digital-marketing-vapi-0-to-3-years-190326504300
MERN Stack Developer,MERN Stack Developer,Vinnovate Technologies,0-1 yrs,Remote,"redux, mern stack, css, github, mern, mean stack, bootstrap, ajax",3+ weeks ago,https://www.naukri.com/job-listings-mern-stack-developer-vinnovate-technologies-remote-0-to-1-years-190525506139
MERN Stack Developer,Junior MERN Stack Developer,Compumatrix Technologies,0-1 yrs,Pune,"CRUD, Backend, Coding, Javascript, MongoDB, Management, Mern Stack, Development",3+ weeks ago,https://www.naukri.com/job-listings-junior-mern-stack-developer-compumatrix-technologies-pune-0-to-1-years-060126500599
MERN Stack Developer,MERN Stack Developer,Maticz Technology,0-1 yrs,"Madurai, Coimbatore","Analytical, Programming, Manager Technology, Javascript, Development, Management, Mern, Program",3+ weeks ago,https://www.naukri.com/job-listings-mern-stack-developer-maticz-technology-madurai-coimbatore-0-to-1-years-141222502206
MERN Stack Developer,Sr. MERN Stack Developer,Skedgroup Innovations,0-2 yrs,Indore,"QA, Backend, Front end, Analytical, Javascript, Tool design, HTML, MongoDB",3+ weeks ago,https://www.naukri.com/job-listings-sr-mern-stack-developer-skedgroup-innovations-pvt-ltd-indore-0-to-2-years-311225501811
MERN Stack Developer,Mern Stack Developer,Vensure,10-15 yrs,"Hyderabad, Thiruvananthapuram","Node.Js, React.Js, SQL, MySQL, Expresjs, Nextjs, Mern Stack, Mern",2 days ago,https://www.naukri.com/job-listings-mern-stack-developer-vensure-hyderabad-thiruvananthapuram-10-to-15-years-310326038891
MERN Stack Developer,MERN Stack Developer Internship,The Entrepreneurship Network (TEN),0-2 yrs,New Delhi,"Computer science, Backend, GIT, Front end, Web technologies, Database management, Javascript, MongoDB",3+ weeks ago,https://www.naukri.com/job-listings-mern-stack-developer-internship-the-entrepreneurship-network-new-delhi-0-to-2-years-220725505004
MERN Stack Developer,MERN Stack Developer,Esceneric,0-2 yrs,Jalandhar,"Express, Full Stack, MongoDB, Node.js, React, Mern Stack, Development, Stack",2 weeks ago,https://www.naukri.com/job-listings-mern-stack-developer-esceneric-jalandhar-0-to-2-years-180326502973
MERN Stack Developer,MERN STACK DEVELOPER,Godigi Infotech,0-1 yrs,Pune,"github, Front end, Version control, GIT, Linux, Agile scrum, Enterprise applications, Debugging",3+ weeks ago,https://www.naukri.com/job-listings-mern-stack-developer-godigi-infotech-pune-0-to-1-years-251125504033
MERN Stack Developer,MERN Stack Developer,Maxxzoom,0-1 yrs,Pune,"GIT, Web technologies, Javascript, MongoDB, Stack, Development, Mern Stack, Mern",3+ weeks ago,https://www.naukri.com/job-listings-mern-stack-developer-maxxzoom-india-pvt-ltd-pune-0-to-1-years-041225501164
MERN Stack Developer,MERN Stack Developer,Marktine,0-2 yrs,Jaipur,"Backend, Version control, HP data protector, Coding, Testing tools, Configuration management, Postgresql, Integration testing",3+ weeks ago,https://www.naukri.com/job-listings-mern-stack-developer-marktine-jaipur-0-to-2-years-311225502133
MERN Stack Developer,MERN Stack Developer,Alea It Solutions,1-3 yrs,Jaipur,"redux, c++, css, mean stack, bootstrap, ajax, jquery, react.js",3+ weeks ago,https://www.naukri.com/job-listings-mern-stack-developer-alea-it-solutions-jaipur-1-to-3-years-140525501717
MERN Stack Developer,Mern Stack Developer,Sai Placement Solutions Noida,1-3 yrs,Gurugram,"Mern Stack, Angularjs, SQL, Integration, Restfull Api, GIT, MongoDB, Node.Js",1 day ago,https://www.naukri.com/job-listings-mern-stack-developer-sai-placement-solutions-noida-gurugram-1-to-3-years-010426032417
MERN Stack Developer,MERN Stack Developer,Webarclight,0-1 yrs,Hybrid - Hybrid,"github, GIT, development testing, Web development, Cloud, Deployment, JSON, Internship",3+ weeks ago,https://www.naukri.com/job-listings-mern-stack-developer-webarclight-hybrid-0-to-1-years-071125501655
MERN Stack Developer,Mern Stack Developer,Eterno Housing,0-1 yrs,Bangalore Rural,"Github, Rest Api Development, MySQL, React.Js, Nextjs, Javascript, Database Design, MongoDB",2 days ago,https://www.naukri.com/job-listings-mern-stack-developer-eterno-housing-bangalore-rural-0-to-1-years-310326014459
MERN Stack Developer,MERN Stack Developer,Inspironlabs Software Systems,0-1 yrs,Bengaluru,"rest, css, mern stack, software development, software testing, fabrication, unit testing, mern",3+ weeks ago,https://www.naukri.com/job-listings-mern-stack-developer-inspironlabs-bengaluru-0-to-1-years-200126501407
MERN Stack Developer,MERN Stack Developer,Coddle Technologies,0-2 yrs,Kozhikode,"CSS, Version control, GIT, NoSQL, Javascript, HTML, Management, SQL",3+ weeks ago,https://www.naukri.com/job-listings-mern-stack-developer-coddle-technologies-private-ltd-kozhikode-0-to-2-years-100226504834
MERN Stack Developer,MERN Stack Developer,Coddle Technologies,0-2 yrs,Bengaluru,"CSS, Version control, GIT, NoSQL, Javascript, HTML, Management, SQL",3+ weeks ago,https://www.naukri.com/job-listings-mern-stack-developer-coddle-technologies-private-ltd-bengaluru-0-to-2-years-120226500917
MERN Stack Developer,MERN Stack Developer,Zithas Nextzen,0-3 yrs,Vadodara,"Front end, DOM, Web technologies, Agile scrum, Cloud Services, Web development, Javascript, JSON",3+ weeks ago,https://www.naukri.com/job-listings-mern-stack-developer-zithas-technologies-pvt-ltd-vadodara-0-to-3-years-020824503195
Java Developer,Java Developer,Impact Hr N Km Solutions,0-3 yrs,Nashik,"Hibernate, Core Java, C, JSP, Application programming, MySQL, Struts, J2Ee",2 weeks ago,https://www.naukri.com/job-listings-java-developer-impact-hr-n-km-solutions-nashik-0-to-3-years-190326500525
Java Developer,Java Developer,iit jobs,10-20 yrs,"Hybrid - Pune, Bengaluru","Java, MDM, TIBCO, EBX, Spring Boot, Boot, Development, Spring",1 day ago,https://www.naukri.com/job-listings-java-developer-iitjobs-inc-pune-bengaluru-10-to-20-years-010426033169
Java Developer,FRESHER JR JAVA DEVELOPERS,Godigi Infotech,0-1 yrs,Pune,"Oracle database, Hibernate, Backend, Web services, jQuery, Advanced Java, JSP, JSON",3+ weeks ago,https://www.naukri.com/job-listings-fresher-jr-java-developers-godigi-infotech-pune-0-to-1-years-191023501363
Python Developer,Python Developer (AI & Databricks),Bonami Software,0-2 yrs,Noida(Sector 63),"Data Structures, Databricks Engineer, Software Engineering, Python, Artificial Intelligence, Machine Learning, Deep Learning, Backend Development",3 days ago,https://www.naukri.com/job-listings-python-developer-ai-databricks-bonami-software-noida-0-to-2-years-300326020418
Python Developer,Python Developer,Legalease Solutions,0-2 yrs,"Kochi, Chennai, Bengaluru","Contract management, Information security, ISO 27001, Legal, Manager Technology, MS Office, Arbor, Analytics",2 days ago,https://www.naukri.com/job-listings-python-developer-legal-ease-solutions-india-private-limited-kochi-chennai-bengaluru-0-to-2-years-310326501927
Python Developer,Python Developer,Dentsu Webchutney,1-3 yrs,Mumbai,"Quality standards, Compliance, Unit testing, Python, UNIT, Software testing, Python Development, Development",1 day ago,https://www.naukri.com/job-listings-python-developer-dentsu-inc-mumbai-1-to-3-years-020426503218
Python Developer,Python Developer,Webgo Software Labs,0-2 yrs,Bengaluru,"Computer science, Automation, Backend, Postgresql, Django, MySQL, Debugging, Workflow",3+ weeks ago,https://www.naukri.com/job-listings-python-developer-webgo-software-labs-bengaluru-0-to-2-years-151225501863
Python Developer,Python Developer,Starclinch,1-3 yrs,New Delhi,"Python, css, bitbucket, jquery, sql, docker, git, gcp",6 days ago,https://www.naukri.com/job-listings-python-developer-starclinch-new-delhi-1-to-3-years-270326922792
Python Developer,Python Developer,ewallsolutions,0-3 yrs,"Madurai, Tiruppur, Salem, Chennai, Tiruchirapalli, Coimbatore","Computer science, Basic, Version control, GIT, Coding, Django, Programming, E-commerce",3+ weeks ago,https://www.naukri.com/job-listings-python-developer-ewallsolutions-madurai-tiruppur-salem-chennai-tiruchirapalli-coimbatore-0-to-3-years-100725505184
Python Developer,Python Developer,Impact Hr N Km Solutions,0-3 yrs,Nashik,"RSS, data science, MySQL, Machine learning, SCALA, Javascript, LISP, HTML",2 weeks ago,https://www.naukri.com/job-listings-python-developer-impact-hr-n-km-solutions-nashik-0-to-3-years-190326500555
Python Developer,Python Developer,IT SCIENT,10-15 yrs,"Pune, Chennai, Bengaluru","Python Development, Development, Python",4 days ago,https://www.naukri.com/job-listings-python-developer-it-scient-pune-chennai-bengaluru-10-to-15-years-300326001980
Software Engineer,Custom Software Engineer,Accenture,0-2 yrs,Hyderabad,"software engineer, application developer, service management, business processes, it service management, user experience, application development, database management",3 days ago,https://www.naukri.com/job-listings-custom-software-engineer-accenture-solutions-pvt-ltd-hyderabad-0-to-2-years-300326929260
Software Engineer,Custom Software Engineer,Accenture,0-2 yrs,Bengaluru,"software engineer, application developer, business processes, it service management, user experience, database management, scripting, servicenow",3 days ago,https://www.naukri.com/job-listings-custom-software-engineer-accenture-solutions-pvt-ltd-bengaluru-0-to-2-years-300326937152
Software Engineer,Custom Software Engineer,Accenture,0-2 yrs,Bengaluru,"software engineer, application developer, business processes, it service management, user experience, database management, scripting, servicenow",3 days ago,https://www.naukri.com/job-listings-custom-software-engineer-accenture-solutions-pvt-ltd-bengaluru-0-to-2-years-300326937151
Software Engineer,Software Engineer,Growing Software Engineering and Consulting Company,0-2 yrs,"Hybrid - Noida(Sector 63), Gurugram","Frontend Development, API, React.Js, Angular, SOFTWARE TRAINEE, SOFTWARE ENGINEER, PROGRAMMER, SOFTWARE DEVELOPER",2 days ago,https://www.naukri.com/job-listings-software-engineer-growing-software-engineering-and-consulting-company-noida-gurugram-0-to-2-years-010426010988
Software Engineer,IT Software Engineer,Eurofins,0-2 yrs,Bengaluru,"software engineer, css, python, restful, software development, full stack developer, ai, microsoft azure",1 day ago,https://www.naukri.com/job-listings-it-software-engineer-eurofins-it-solutions-india-pvt-ltd-bengaluru-0-to-2-years-020426915737
Software Engineer,Custom Software Engineer,Accenture,0-2 yrs,Pune,"software development life cycle, c#, css, c++, python, software development, c, javascript",2 days ago,https://www.naukri.com/job-listings-custom-software-engineer-accenture-solutions-pvt-ltd-pune-0-to-2-years-310326920646
Software Engineer,Custom Software Engineer,Accenture,0-1 yrs,Hyderabad,"software engineer, restful, sap, ai frameworks, ai, user experience, javascript, restful apis",3 days ago,https://www.naukri.com/job-listings-custom-software-engineer-accenture-solutions-pvt-ltd-hyderabad-0-to-1-years-300326930275
Cyber Security Analyst,Information/Cyber Security Expert - Delhi,National Institute for Smart Government (NISG),10-20 yrs,"New Delhi, Delhi / NCR","Cyber Security, Information Security, IT Security, Cyber, Security",1 day ago,https://www.naukri.com/job-listings-information-cyber-security-expert-delhi-national-institute-for-smart-government-nisg-new-delhi-delhi-ncr-10-to-20-years-300924008251
Cyber Security Analyst,Cyber Security Architect,VOIS,10-20 yrs,"Hybrid - Pune, India, Bengaluru","Security Engineering, Perimeter Security, IT Security, Cism, Cloud Security, Ccsp, Cyber Security, Cissp",1 week ago,https://www.naukri.com/job-listings-cyber-security-architect-vois-pune-bengaluru-india-10-to-20-years-260326023584
Cyber Security Analyst,Information / Cyber Security Professional,Capgemini,10-15 yrs,"Pune, Gurugram","Cyber Security, risk management, cloud security, generative ai, compliance management, dss, ai, cybersecurity",3 weeks ago,https://www.naukri.com/job-listings-information-cyber-security-professional-capgemini-technology-services-india-limited-pune-gurugram-10-to-15-years-110326914916
Cyber Security Analyst,Cyber Security Intern,eAspire Technolabs Inc.,0-1 yrs,Noida,"Ethical Hacking, Cyber Forensics, Networking Basics, Cyber Security, Electronics, Basic, Cyber, Forensic",1 week ago,https://www.naukri.com/job-listings-cyber-security-intern-evoke-hr-noida-0-to-1-years-200326019401
Security Engineer,Senior Manager - Network Security Engineer,Grant Thornton India Pvt Ltd,10-18 yrs,Bengaluru,"Automation, ISO, WAN, Information security, SOC, DNS, Network security, microsoft",3+ weeks ago,https://www.naukri.com/job-listings-senior-manager-network-security-engineer-grant-thornton-india-pvt-ltd-bengaluru-10-to-18-years-251025502496
Security Engineer,Security Engineer,Paytm,1-3 yrs,Noida,"security engineering, intrusion detection systems, Security Engineer, vulnerability assessments, firewalls, penetration testing, network architectures, Intrusion detection",3 days ago,https://www.naukri.com/job-listings-security-engineer-one97-communications-limited-noida-1-to-3-years-300326908995
Security Engineer,Security Engineer,Accenture,10-15 yrs,Bengaluru,"cloud security, incident response, stakeholder engagement, security services, project coordination, sentinel, network security, threat management",3 days ago,https://www.naukri.com/job-listings-security-engineer-accenture-solutions-pvt-ltd-bengaluru-10-to-15-years-300326932996
Security Engineer,Offensive Security Engineer,Docusign,10-15 yrs,Bengaluru,"remediation, Costing, technical subject matter expert, Manual, Vulnerability, Research, Individual Contributor, Monitoring",1 week ago,https://www.naukri.com/job-listings-offensive-security-engineer-docusign-bengaluru-10-to-15-years-240326506189
Security Engineer,Veza Identity Security Engineer,Templar Shield,1-3 yrs,Remote,"Automation, LDAP, Javascript, Active directory, Agile, Workflow, Customer service, microsoft",1 day ago,https://www.naukri.com/job-listings-veza-identity-security-engineer-templar-shield-remote-1-to-3-years-010426505770
Security Engineer,L3 Security Engineer,NTT DATA,10-19 yrs,Bhubaneswar,"Checkpoint Firewall, Security Engineering, Palo Alto Firewall, Checkpoint, L3, Firewall, Security, Engineering",2 days ago,https://www.naukri.com/job-listings-l3-security-engineer-senstosoft-solutions-bhubaneswar-10-to-19-years-250326021566
Security Engineer,Security Engineer - Offensive Security| Thane,CSB Bank,10-15 yrs,Thane,"RED, Team operations, Automation, Usage, Simulation, Commerce, Engineering Manager, Management",2 weeks ago,https://www.naukri.com/job-listings-security-engineer-offensive-security-thane-csb-bank-thane-10-to-15-years-190326505686
Security Engineer,Security Engineer - Risk and Policy Governance | Thane,CSB Bank,10-15 yrs,Thane,"MIN, Compliance, External audit, Information security, ISO 27001, Security, ISO, Governance",2 weeks ago,https://www.naukri.com/job-listings-security-engineer-risk-and-policy-governance-thane-csb-bank-thane-10-to-15-years-190326503223
Security Engineer,Security Engineer - DM/Manager,Talworx,10-18 yrs,"Bangalore Rural, Bengaluru","APRA, Devsecops, SAST, AI/ML, Financial Domain, DAST, Develop Code, Container",1 week ago,https://www.naukri.com/job-listings-security-engineer-dm-manager-talworx-solutions-bangalore-rural-bengaluru-10-to-18-years-260326931014
Security Engineer,Security Engineer,Docusign,10-15 yrs,Bengaluru,"Automation, Coding, Information security, Network security, Workflow, Troubleshooting, Risk management, Information technology",1 week ago,https://www.naukri.com/job-listings-security-engineer-docusign-bengaluru-10-to-15-years-240326506165
Security Engineer,Security Engineer,Clifyx Technology,10-15 yrs,Bengaluru,"Telecom, C++, Linux, Event management, Solaris, Information security, ISO 27001, Windows",3+ weeks ago,https://www.naukri.com/job-listings-security-engineer-clifyx-technology-bengaluru-10-to-15-years-260525501587
Ethical Hacker,Cyber Security Trainee,eAspire Technolabs Inc.,0-1 yrs,Gurugram,"Ethical Hacking, Cyber Threat, Information Security, Ethics, Hacking, Security, Threat Analysis, Cyber Security",2 weeks ago,https://www.naukri.com/job-listings-cyber-security-trainee-evoke-hr-gurugram-0-to-1-years-190326024107
Ethical Hacker,Cyber Security Intern Trainee,Cyber Sapiens,0-1 yrs,Mangaluru,"Operations research, Linux, Information security, Analytical, Network security, Windows, Information technology, Internship",3+ weeks ago,https://www.naukri.com/job-listings-cyber-security-intern-trainee-cyber-sapiens-mangaluru-0-to-1-years-231023502521
Ethical Hacker,Cyber Security Analyst Fresher(Hubli),eAspire Technolabs Inc.,0-1 yrs,Hubli,"Network Security Basics, Cybersecurity Fundamentals, Security Tools, Cyber Security, Basic, Network security, Fundamentals, Cyber",3 weeks ago,https://www.naukri.com/job-listings-cyber-security-analyst-fresher-hubli-evoke-hr-hubli-0-to-1-years-110326022307
Ethical Hacker,Cyber Security Analyst Fresher,eAspire Technolabs Inc.,0-1 yrs,New Delhi,"Network Security Basics, Cyber Security Fundamentals, SIEM Tools, Security analysis, Networking, Cyber, SIEM, Security",1 week ago,https://www.naukri.com/job-listings-cyber-security-analyst-fresher-evoke-hr-new-delhi-0-to-1-years-230326016793
Ethical Hacker,Analyst - Cyber Security,Netrika Consulting India,0-2 yrs,Noida,"Analyst, cyber security analyst, policy regulations, Regulations, Cyber, Analysis, Security, Cyber Security",3+ weeks ago,https://www.naukri.com/job-listings-analyst-cyber-security-netrika-noida-0-to-2-years-010324500838
Ethical Hacker,Cyber Security Analyst,LA Technologies,0-1 yrs,Mumbai,"network penetration testing, cyber security, owasp, ceh, information security, siem, vulnerability assessment, cyber forensics",3+ weeks ago,https://www.naukri.com/job-listings-cyber-security-analyst-la-technologies-mumbai-0-to-1-years-190226504760
Ethical Hacker,Technical Support Representative-Security Analyst,IBM,1-3 yrs,Bengaluru,"technical support, network security, performance tuning, administration, time management, ceh, sla, root cause analysis",1 week ago,https://www.naukri.com/job-listings-technical-support-representative-security-analyst-ibm-india-pvt-limited-bengaluru-1-to-3-years-260326927121
Ethical Hacker,Engineer - Digital Network & Security ( ENT ),Microland,0-2 yrs,Bengaluru,"r, network security, voip, access management, troubleshooting, technician, wireless, wireless technology",3+ weeks ago,https://www.naukri.com/job-listings-engineer-digital-network-security-ent-microland-limited-bengaluru-0-to-2-years-160126500277
Ethical Hacker,Jr. IT Networking & Security,Pragma Edge Software Services,0-2 yrs,Hyderabad,"Interpersonal skills, Windows OS, Computer hardware, Linux, Networking, DNS, Troubleshooting, Directory services",3+ weeks ago,https://www.naukri.com/job-listings-jr-it-networking-security-pragma-edge-software-services-private-limited-hyderabad-0-to-2-years-260523500915
Ethical Hacker,Associate Cyber Security Consultant,Security Brigade,0-3 yrs,Remote,"Manual testing, Django, OWASP, Network security, Security testing, Vulnerability, Test cases, Open source",3+ weeks ago,https://www.naukri.com/job-listings-associate-cyber-security-consultant-security-brigade-infosec-private-limited-remote-0-to-3-years-021225506060
Ethical Hacker,Cyber Operations Analyst,Barclays,0-10 yrs,Pune,"remediation, Networking, Linux, Senior Analyst, Event management, Project management, Problem management, Windows",3 days ago,https://www.naukri.com/job-listings-cyber-operations-analyst-barclays-shared-services-pune-0-to-10-years-300326500584
Ethical Hacker,Cyber Security Trainer,Tech Defence Labs,0-3 yrs,Vadodara,"PCI DSS, cyber security, SOC, Curriculum development, Consulting, ISO 27001, Network security, Application security",3+ weeks ago,https://www.naukri.com/job-listings-cyber-security-trainer-techdefence-pvt-ltd-vadodara-0-to-3-years-190226502592
Ethical Hacker,Cyber Security - Intern,Futureacad,0-1 yrs,Bengaluru,"Networking, Linux, cyber security, Event management, Information security, Windows, Cryptography, Internship",3+ weeks ago,https://www.naukri.com/job-listings-cyber-security-intern-futureacad-bengaluru-0-to-1-years-200226505612
Ethical Hacker,Junior Analyst - Cyber Risk Unit,Bajaj Finance,0-1 yrs,Pune,"cyber risk, security operations, rest, tracking systems, security tools, dns, information security, monitoring tools",2 weeks ago,https://www.naukri.com/job-listings-junior-analyst-cyber-risk-unit-bajaj-finance-limited-pune-0-to-1-years-170326932646
Ethical Hacker,Cyber Security Professional,Future Intern,0-1 yrs,Bengaluru,"project management, team management, presentation skills, problem solving, critical thinking, people management skills, stakeholder management, leadership",3+ weeks ago,https://www.naukri.com/job-listings-cyber-security-professional-future-interns-bengaluru-0-to-1-years-280825503462
Ethical Hacker,Cyber Security Associate,Softlink Global,0-1 yrs,Mumbai,"Computer science, ERP, Compliance, Security implementation, Coding, ISO 27001, Network security, Application security",1 week ago,https://www.naukri.com/job-listings-cyber-security-associate-softlink-global-pvt-ltd-mumbai-0-to-1-years-250326504623
Ethical Hacker,It Security Analyst (Chennai),eAspire Technolabs Inc.,0-1 yrs,Chennai,"Cyber Security, Network Security, SIEM, Security analysis, Networking, Security, IT security, Cyber",2 weeks ago,https://www.naukri.com/job-listings-it-security-analyst-chennai-evoke-hr-chennai-0-to-1-years-170326010646
Ethical Hacker,Cyber Security Trainer,Tech Defence Labs,0-3 yrs,"Ahmedabad, Vadodara","PCI DSS, cyber security, SOC, Curriculum development, Consulting, ISO 27001, Network security, Application security",3+ weeks ago,https://www.naukri.com/job-listings-cyber-security-trainer-techdefence-pvt-ltd-ahmedabad-vadodara-0-to-3-years-301225506225
Ethical Hacker,Cyber Security Trainee(Nashik),easpire technolabs pvt ltd,0-1 yrs,Nashik,"Understanding of Cybersecurity Principles & Practices, Cloud Security, TCP/IP Concepts, Security, Cyber Security, IP, TCP, Concepts",3+ weeks ago,https://www.naukri.com/job-listings-cyber-security-trainee-nashik-evoke-hr-nashik-0-to-1-years-050326013425
Ethical Hacker,Engineer - Digital Network & Security ( ENT ),Microland,0-2 yrs,Bengaluru,"Access management, Security+, VOIP, Network security, User provisioning, Cisco certified, Manager Technology, Troubleshooting",3+ weeks ago,https://www.naukri.com/job-listings-engineer-digital-network-security-ent-microland-limited-bengaluru-0-to-2-years-150126502347
SOC Analyst,Associate Director - SIEM - Cyber Defense & Resilience,Deloitte Consulting,10-15 yrs,Mumbai,"Automation, Staffing, Process improvement, Invoice processing, Information security, Relationship building, HTML, Scheduling",3+ weeks ago,https://www.naukri.com/job-listings-associate-director-siem-cyber-defense-resilience-deloitte-mumbai-10-to-15-years-020326503104
SOC Analyst,Soc Analyst,FSP Solutions,1-3 yrs,"Goregaon, Mumbai (All Areas)","Cyber Security, Security Operations Center, Incident Response, Malware Analysis, SOC, Siem Tools, SIEM, Threat Analysis",1 day ago,https://www.naukri.com/job-listings-soc-analyst-fsp-solutions-goregaon-mumbai-all-areas-1-to-3-years-010426016097
SOC Analyst,SOC Analyst,Aeries Technology,1-3 yrs,"Hybrid - Hyderabad, Bengaluru","Sentinel, SOC, Microsoft Purview, Microsoft Defender, Incident Handling, Cyber Security, Risk, ips",1 week ago,https://www.naukri.com/job-listings-soc-analyst-aeries-technology-hyderabad-bengaluru-1-to-3-years-230226013985
SOC Analyst,SOC Analyst II,"DigitalOcean, Inc.",0-3 yrs,Hyderabad,"Unix, Linux, Technical writing, Event management, SOC, SIEM, market data, Security operations",1 week ago,https://www.naukri.com/job-listings-soc-analyst-ii-digitalocean-inc-hyderabad-0-to-3-years-200326500481
SOC Analyst,Soc Analyst,Innspark Solutions,1-3 yrs,Delhi / NCR,"Siem Tools, SIEM, SOC, Security Operations Center, Tools, Center, Security, Security operations",3 days ago,https://www.naukri.com/job-listings-soc-analyst-innspark-solutions-delhi-ncr-1-to-3-years-171125018896
SOC Analyst,Incident Reponse - SOC Analyst,TalaKunchi,1-3 yrs,Mumbai,"Computer science, Skill development, Networking, Operating systems, Information security, SOC, Analytical, SIEM",3+ weeks ago,https://www.naukri.com/job-listings-incident-reponse-soc-analyst-talakunchi-networks-private-limited-mumbai-1-to-3-years-290126506491
SOC Analyst,SOC Analyst,MitKat,1-3 yrs,Bengaluru,"Crisis management, Operational excellence, Security management, MIS, Analytical, Risk management, Business continuity, Powerpoint",3+ weeks ago,https://www.naukri.com/job-listings-soc-analyst-mitkat-advisory-services-pvt-ltd-bengaluru-1-to-3-years-261225501919
SOC Analyst,Soc Analyst,Digisecuritas,1-3 yrs,Chandigarh,"communication, firewalls, and IDS/IPS systems Basic understanding of malware analysis and threat hunting concepts Strong analytical, QRadar, Splunk, Threat Analysis, Firewall, Analytics",1 week ago,https://www.naukri.com/job-listings-soc-analyst-digisecuritas-chandigarh-1-to-3-years-230326916160
SOC Analyst,Soc Analyst,Net2Source,10-20 yrs,Bengaluru,"SOC, Security Operations, Incident Response, Threat Hunting, Threat Analysis, Security, Incident, Hunting",3 weeks ago,https://www.naukri.com/job-listings-soc-analyst-net2source-llp-bengaluru-10-to-20-years-100326036441
SOC Analyst,SOC Analyst,Scybers,1-3 yrs,Chennai,"Computer science, IT services, Ticketing, Operating systems, Analytical, TCP/IP, Incident management, SOC Analyst",3+ weeks ago,https://www.naukri.com/job-listings-soc-analyst-scybers-chennai-1-to-3-years-090725502381
SOC Analyst,SOC Analyst - L1 (Mumbai),Alcon Cyber Security Consultancy,0-2 yrs,Mumbai,"Networking, Security+, Information security, SIEM, Log analysis, SOC Analyst, Security operations, Monitoring",3+ weeks ago,https://www.naukri.com/job-listings-soc-analyst-l1-mumbai-alcon-cyber-security-consultancy-mumbai-0-to-2-years-230725501179
SOC Analyst,SOC Analyst (Level 1) - Remote,Crescentia Infotech,1-3 yrs,Remote,"IT Security Operations, PowerShell, ServiceNow, SOC, documentation, DNS, firewalls, HTTP",3+ weeks ago,https://www.naukri.com/job-listings-soc-analyst-level-1-remote-crescentia-infotech-kochi-1-to-3-years-190825911590
DevOps Engineer,Devops Engineer,Giit Solutions,0-2 yrs,Gurugram,"Ci Cd Pipeline, Aws Devops, Azure Cloud, Kubernetes, Python, Jenkins, Aws Cloudformation, Terraform",1 day ago,https://www.naukri.com/job-listings-devops-engineer-giit-solutions-gurugram-0-to-2-years-010426020295
DevOps Engineer,Devops Engineer,iit jobs,10-20 yrs,Hybrid - Pune,"Ci Cd Pipeline, Docker, MS Fabrics, CI/CD, Devops, Jenkins, Kubernetes, Continuous Integration",2 days ago,https://www.naukri.com/job-listings-devops-engineer-iitjobs-inc-pune-10-to-20-years-200326017768
Cloud Engineer,DGX Cloud Performance Engineer,Nvidia,10-15 yrs,"Hyderabad, Pune, Bengaluru","Electrical engineering, Computer science, C++, Interpersonal skills, Networking, Cloud, Infrastructure, Performance analysis",3+ weeks ago,https://www.naukri.com/job-listings-dgx-cloud-performance-engineer-nvidia-hyderabad-pune-bengaluru-10-to-15-years-251025500305
Cloud Engineer,Cloud Engineer,Fossgen Technologies,0-2 yrs,Pune,"kubernetes, aks, redhat linux, azure devops, docker, ansible, git, gcp",3+ weeks ago,https://www.naukri.com/job-listings-cloud-engineer-fossgen-technologies-pune-0-to-2-years-291025503137
Cloud Engineer,Cloud Engineer,Meditab Software,0-2 yrs,Ahmedabad,"container, python, gcp, powershell, microsoft azure, cloud infrastructure, bash, cloud computing",3+ weeks ago,https://www.naukri.com/job-listings-cloud-engineer-meditab-software-india-pvt-ltd-ahmedabad-0-to-2-years-170924501858
Cloud Engineer,Cloud Engineer,Meditab Software,0-2 yrs,Ahmedabad,"container, python, gcp, powershell, microsoft azure, cloud infrastructure, bash, cloud computing",3+ weeks ago,https://www.naukri.com/job-listings-cloud-engineer-meditab-software-india-pvt-ltd-ahmedabad-0-to-2-years-170924502083
Cloud Engineer,Cloud Engineer,Meditab Software,0-2 yrs,Ahmedabad,"container, python, gcp, powershell, microsoft azure, cloud infrastructure, bash, cloud computing",3+ weeks ago,https://www.naukri.com/job-listings-cloud-engineer-meditab-software-india-pvt-ltd-ahmedabad-0-to-2-years-170924501861
Cloud Engineer,Cloud Engineer,Meditab Software,0-2 yrs,Ahmedabad,"container, python, gcp, powershell, microsoft azure, cloud infrastructure, bash, cloud computing",3+ weeks ago,https://www.naukri.com/job-listings-cloud-engineer-meditab-software-india-pvt-ltd-ahmedabad-0-to-2-years-170924501888
Site Reliability Engineer,Site Reliability Engineer,Apple,10-15 yrs,Hyderabad,"Application engineering, Production support, data science, Machine learning, Infrastructure, Manager Technology, Incident management, Troubleshooting",3+ weeks ago,https://www.naukri.com/job-listings-site-reliability-engineer-apple-india-pvt-ltd-hyderabad-10-to-15-years-020326500394
Site Reliability Engineer,Site Reliability Engineer,Optum,10-15 yrs,Bengaluru(JP Nagar),"Infrastructure as Code, Site Reliability Engineering, AIOps, Observability, Python, ELK, SRE, Prometheus",3+ weeks ago,https://www.naukri.com/job-listings-site-reliability-engineer-optum-bengaluru-10-to-15-years-040326005107
Site Reliability Engineer,Site Reliability Engineer - Linux & KDB - AVP,Barclays,10-18 yrs,Pune,"Linux, Machine learning, Service excellence, Business strategy, Management, Assistant Vice President, Individual Contributor, Operations",3+ weeks ago,https://www.naukri.com/job-listings-site-reliability-engineer-linux-kdb-avp-barclays-shared-services-pune-10-to-18-years-190226505027
Site Reliability Engineer,Manager Site Reliability Engineer,Zeta Inc.,10-15 yrs,Hyderabad,"Computer science, Cloud computing, Automation, Networking, Disaster recovery, microsoft, Load balancing, Information technology",3 weeks ago,https://www.naukri.com/job-listings-manager-site-reliability-engineer-zeta-inc-hyderabad-10-to-15-years-090326500188
Site Reliability Engineer,Site Reliability Engineer,Gradient M,10-15 yrs,"Hybrid - Pune, Chennai, Bengaluru","Terraform, Site Reliability Engineering, Azure Devops, sli, Rbac, Sre, slo, SLA",3+ weeks ago,https://www.naukri.com/job-listings-site-reliability-engineer-gradient-m-pune-chennai-bengaluru-10-to-15-years-030326013936
System Administrator,System Administrator,Coforge,10-16 yrs,"Hybrid - Hyderabad, Greater Noida, Delhi / NCR","Unix, Linux, Solaris, System Administration, NFS, Patching, Oracle cluster, Clustering",3 weeks ago,https://www.naukri.com/job-listings-system-administrator-coforge-hyderabad-greater-noida-delhi-ncr-10-to-16-years-100226025676
System Administrator,System Administrator,Nano Kernel Limited,0-3 yrs,Bengaluru,"System Administration, Server Administration, Firewall Architecture, Configuring LAN, Server Support, Linux Server, Virtualization Management, Network Administration",1 week ago,https://www.naukri.com/job-listings-system-administrator-nano-kernel-limited-bengaluru-0-to-3-years-260326015217
System Administrator,System Administrator - PSG World School,PSG World School,1-3 yrs,Coimbatore,"System Support, IT Helpdesk, IT Service Desk, IT services, Service desk, Helpdesk, System, Administration",1 week ago,https://www.naukri.com/job-listings-system-administrator-psg-world-school-psg-world-school-coimbatore-1-to-3-years-200326022061
System Administrator,System Administrator,Cadopt Technologies,1-3 yrs,Bengaluru(Kasturi Nagar),"System Support, LAN Troubleshooting, Server Support, Application Software Support, Network Troubleshooting, Network Support, Hardware Support, Software Support",3 days ago,https://www.naukri.com/job-listings-system-administrator-cadopt-technologies-bengaluru-1-to-3-years-300326005797
System Administrator,System Administrator,eAspire Technolabs Inc.,0-1 yrs,Kolkata,"System Administration, Network Administration, System Support, Networking, Administration, System",1 week ago,https://www.naukri.com/job-listings-system-administrator-evoke-hr-kolkata-0-to-1-years-260326026622
System Administrator,System Administrator,iFuture iVision,0-2 yrs,Chennai(Pammal),"Excel, Powerpoint, Administration, System administration, System",1 day ago,https://www.naukri.com/job-listings-system-administrator-ifuture-ivision-system-chennai-0-to-2-years-280226014218
System Administrator,System Admin,ClixLogix,1-3 yrs,Noida,"cloud services, aws cloud, devops, linux, jenkins, terraform, ansible, System",1 week ago,https://www.naukri.com/job-listings-system-admin-clixlogix-noida-1-to-3-years-250326500529
System Administrator,System Administrator,Cogniter Technologies,1-3 yrs,Chandigarh,"Network administration, Linux, Networking, LAN, PHP, Windows, SEO, microsoft",1 week ago,https://www.naukri.com/job-listings-system-administrator-cogniter-technologies-chandigarh-1-to-3-years-250326509278
System Administrator,SYSTEM ADMIN EXPERIENCED,Revalsys Technologies,1-3 yrs,Hyderabad,"Network administration, Computer hardware, Linux, Active directory, DNS, Customer support, Windows, Apache",1 week ago,https://www.naukri.com/job-listings-system-admin-experienced-revalsys-technologies-hyderabad-1-to-3-years-230326500195
System Administrator,System Administrator,Revalsys Technologies,1-3 yrs,New Delhi,"Network administration, Computer hardware, Linux, Active directory, DNS, Customer support, Windows, Apache",1 week ago,https://www.naukri.com/job-listings-system-administrator-revalsys-technologies-new-delhi-1-to-3-years-230326500720
System Administrator,System Administrator,Overit,10-15 yrs,Jalandhar,"IT, Server Support, It Administration, System Administration, Network Administration, IT Support, Networking, Server",1 week ago,https://www.naukri.com/job-listings-system-administrator-overit-jalandhar-10-to-15-years-260326036813
System Administrator,System Administrator,Omega Software,0-2 yrs,Dombivli,"IIS, Linux, Networking, Active directory, DNS, Windows, DHCP, SQL",3+ weeks ago,https://www.naukri.com/job-listings-system-administrator-omega-softwares-dombivli-0-to-2-years-230924502382
System Administrator,SYSTEM ADMINISTRATOR,Protocol Zone,0-1 yrs,Ahmedabad,"Ubuntu, Analytical skills, Performance tuning, Linux, Networking, Operating systems, Account management, Technical support",3+ weeks ago,https://www.naukri.com/job-listings-system-administrator-protocol-zone-ahmedabad-0-to-1-years-311225502224
System Administrator,System Administrator,Netgains Technologies,0-1 yrs,Mumbai,"MCSA, IIS, FTP, Linux, Windows, MCP, MCSE, System Administrator",3+ weeks ago,https://www.naukri.com/job-listings-system-administrator-netgains-technologies-pvt-ltd-mumbai-0-to-1-years-291018500690
System Administrator,System Administrator(Mangalore),eAspire Technolabs Inc.,0-1 yrs,Mangaluru,"data centre operations and server monitoring, Windows and Linux server administration, server installation, Data, Microsoft Windows, Operations, Installation, Data Centre Operations",3 weeks ago,https://www.naukri.com/job-listings-system-administrator-mangalore-evoke-hr-mangaluru-0-to-1-years-110326013367
System Administrator,System Administrator,Fossgen Technologies,0-2 yrs,Pune,"Training, Database, Manager Technology, Hardware, Network management, Troubleshooting, Virtualization, System Administrator",3+ weeks ago,https://www.naukri.com/job-listings-system-administrator-fossgen-technologies-pune-0-to-2-years-301025503877
System Administrator,System Administrator,Qure.ai,0-3 yrs,Bengaluru,"Networking, Linux, WAN, Active directory, LAN, Healthcare, Antivirus, Windows",3+ weeks ago,https://www.naukri.com/job-listings-system-administrator-qure-ai-bengaluru-0-to-3-years-070725502923
System Administrator,System Administrator,Bright Infotech,1-3 yrs,Bengaluru,"VMware, Linux Administrator, IT infrastructure, Active directory, Windows, Virtualization, System Administrator, Microsoft Windows",3+ weeks ago,https://www.naukri.com/job-listings-system-administrator-bright-infotech-bengaluru-1-to-3-years-080126502875
System Administrator,Manhattan Wareshouse Management System (MWMS) Admin,Tata Consultancy Services,10-15 yrs,"Hyderabad, Chennai, Bengaluru","MWMS, Shell Scripting, Manhattan Wareshouse Management System, manhatton, Scripting, System, Administration, Management",2 days ago,https://www.naukri.com/job-listings-manhattan-wareshouse-management-system-mwms-admin-tata-consultancy-services-hyderabad-chennai-bengaluru-10-to-15-years-310326013140
System Administrator,System Administrator,Anandrishiji Hospital,0-2 yrs,Ahmednagar,"server, configuration, administration, disaster recovery, networking, system administration, high availability, technical support",3+ weeks ago,https://www.naukri.com/job-listings-system-administrator-anandrishiji-hospital-ahmednagar-0-to-2-years-070524501580
System Administrator,System Administrator,Yosofttech,0-3 yrs,Pune,"Access control, System maintenance, Operating systems, Compliance, Networking, Security systems, Hardware, Troubleshooting",3+ weeks ago,https://www.naukri.com/job-listings-system-administrator-yosofttech-pune-0-to-3-years-011225504716
System Administrator,System Admin [Trainee | Experienced],Addweb Solution,0-2 yrs,Ahmedabad,"Patch management, Operating systems, WAN, Intrusion detection, LAN, Manager Technology, HTTP, Network management",3+ weeks ago,https://www.naukri.com/job-listings-system-admin-trainee-experienced-addweb-solution-pvt-ltd-ahmedabad-0-to-2-years-010825503211
System Administrator,System Administrator,Aliengena Captive,0-1 yrs,Pune,"System Administrator, System administration, System, Administration",3+ weeks ago,https://www.naukri.com/job-listings-system-administrator-aliengena-captive-private-limited-pune-0-to-1-years-190624501053
System Administrator,System Administrator,IDESLABS,0-10 yrs,Pune,"Access control, Networking, Disaster recovery, Management, IT operations, Recovery operations, Technical support, Monitoring",3+ weeks ago,https://www.naukri.com/job-listings-system-administrator-ideslabs-private-limited-pune-0-to-10-years-131223501482
Android Developer,Android Developer,Isolution,1-3 yrs,Jaipur,"Usage, Application testing, PDF, android application development, Coding, Application development, JSON, Android",1 day ago,https://www.naukri.com/job-listings-android-developer-isolution-microsystem-private-limited-jaipur-1-to-3-years-010426502153
Android Developer,Android Developer,Xcellence It,1-3 yrs,Surat,"HRM, Mobile development, JSON, Unit testing, Android SDK, Mobile applications, Application, SDK",1 day ago,https://www.naukri.com/job-listings-android-developer-xcellence-it-surat-1-to-3-years-010426502997
Android Developer,Android Developer,Integrity Technologies And Services,0-1 yrs,"Pune, Mukund Nagar","Android, REST, web services, Java SDK, JSON, Kotlin, Web technologies, Development",6 days ago,https://www.naukri.com/job-listings-android-developer-integrity-technologies-and-services-pune-mukund-nagar-0-to-1-years-270326922619
Android Developer,Android Developer,Instaweb Labs,0-3 yrs,"Mumbai, Malad Mindspace","Kotlin, Java, MVVM, MVP, Mobile App Development, JSON, Play Store, Android",6 days ago,https://www.naukri.com/job-listings-android-developer-instaweb-labs-pvt-ltd-mumbai-malad-mindspace-0-to-3-years-270326923223
Android Developer,Android Developer,BOL7.com,1-3 yrs,Noida,"Computer science, Backend, Version control, GIT, PDF, Online marketing, Android SDK, Digital marketing",3 days ago,https://www.naukri.com/job-listings-android-developer-bol7-technologies-pvt-ltd-noida-1-to-3-years-300326502477
Android Developer,Android Developer,Hadwise Infotech,0-1 yrs,Mumbai,"coordinate, communicate, management, XML, JSP, design, developer, Android",1 week ago,https://www.naukri.com/job-listings-android-developer-hadwise-infotech-pvt-ltd-mumbai-0-to-1-years-200326501549
Android Developer,Android Developer,Tekskills,10-20 yrs,Hybrid - Hyderabad,"Android Application Development, Java, Kotlin, Application development, Android, Application, Development",1 week ago,https://www.naukri.com/job-listings-android-developer-tekskills-hyderabad-10-to-20-years-260326016685
Android Developer,Android Developer,Tekskills india pvt ltd,10-20 yrs,Hyderabad,"Android Application Development, Kotlin, Jetpack, Java, Application, Application development, Android, Development",2 days ago,https://www.naukri.com/job-listings-android-developer-tekskills-hyderabad-10-to-20-years-310326030317
Android Developer,ANDROID DEVELOPER,Godigi Infotech,0-1 yrs,Pune,"Backend, GIT, Mobile development, Android SDK, Mobile applications, Unit testing, Android, Application",3+ weeks ago,https://www.naukri.com/job-listings-android-developer-godigi-infotech-pune-0-to-1-years-201023500160
Android Developer,ANDROID DEVELOPER,Godigi Infotech,0-1 yrs,New Delhi,"XML, MySQL, Android SDK, Android, Development, Android Application Development, SDK",3+ weeks ago,https://www.naukri.com/job-listings-android-developer-godigi-infotech-new-delhi-0-to-1-years-061123500194
Android Developer,Android Developer,Wissen Technology,10-16 yrs,Bengaluru,"continuous integration, android, ci/cd, memory management, coding, edge, git, mvvm",1 week ago,https://www.naukri.com/job-listings-android-developer-wissen-technology-pvt-ltd-bengaluru-10-to-16-years-250326034313
Android Developer,Android Developer,Asquare Infotech,0-2 yrs,Pune,"Computer science, Mobile development, Programming, Android SDK, Unit testing, Mobile applications, Android, SDK",3+ weeks ago,https://www.naukri.com/job-listings-android-developer-asquare-infotech-pune-0-to-2-years-080523500536
Android Developer,Android Developer,Robonic Infotech,1-3 yrs,Mumbai,"Computer science, Performance tuning, MVVM, Architecture, Android SDK, Mobile computing, Computation, Android",1 week ago,https://www.naukri.com/job-listings-android-developer-robonic-infotech-mumbai-1-to-3-years-240326503248
Android Developer,Android Developer,Biz-insights,0-3 yrs,Surat,"android application, Web services, HP data protector, XML, OOPS, Debugging, SQLite, Programming",3+ weeks ago,https://www.naukri.com/job-listings-android-developer-biz-insights-it-solutions-surat-0-to-3-years-060723501242
Android Developer,Android Developer,G10 Consultancy,0-2 yrs,Mumbai,"Computer science, Usage, Technology consulting, Agile, Software development life cycle, Programming, Consultancy, Scrum",3+ weeks ago,https://www.naukri.com/job-listings-android-developer-g10-consultancy-mumbai-0-to-2-years-161224501488
Android Developer,Android Developer,Vocsy Infotech,0-2 yrs,Surat,"rest, c++, css, ux, software development, sqlite, software testing, user interface designing",3+ weeks ago,https://www.naukri.com/job-listings-android-developer-vocsy-infotech-surat-0-to-2-years-080724503110
Android Developer,ANDROID DEVELOPER,Godigi Infotech,0-1 yrs,Pune,"Android, Android Application Development, Development",3+ weeks ago,https://www.naukri.com/job-listings-android-developer-godigi-infotech-pune-0-to-1-years-061123500782
Android Developer,Android Developer,Riseup Infotech,0-3 yrs,Surat,"C++, Layout design, Coding, android studio, JSON, Android SDK, Management, Proof reading",3+ weeks ago,https://www.naukri.com/job-listings-android-developer-riseup-infotech-surat-0-to-3-years-200224500833
Android Developer,AI First_ Android Developer,Primary Healthtech,0-1 yrs,Noida(Sector 6),"Java, Android Studio, Kotlin, android sdk, Rest Api Integration, ai coding, Artificial Intelligence, Integration",3 weeks ago,https://www.naukri.com/job-listings-ai-first-android-developer-primary-healthtech-noida-0-to-1-years-110326014855
Android Developer,Android Developer,Tekskills india pvt ltd,10-20 yrs,Hybrid - Hyderabad,"Application Development, Java, Kotlin, Application, Development, Android Application Development, Android",1 week ago,https://www.naukri.com/job-listings-android-developer-tekskills-hyderabad-10-to-20-years-230326003139
Android Developer,Android Developer,Forefront Infotech,0-1 yrs,Surat,"Android Developer, APIs and data sources, Android Application Development, Development, Android, Data, Source, API",3+ weeks ago,https://www.naukri.com/job-listings-android-developer-forefront-infotech-surat-0-to-1-years-221021500995
Android Developer,Android Developer,Invitereferrals Delhi,0-2 yrs,New Delhi,"c++, sqlite, mvp, android, android studio, kotlin, mobile application development, firebase",3+ weeks ago,https://www.naukri.com/job-listings-android-developer-invitereferrals-new-delhi-0-to-2-years-180226502772
Android Developer,Android Developer,Codunite,0-2 yrs,Jaipur,"c++, software development, c, sqlite, mvp, android, kotlin, android studio",3+ weeks ago,https://www.naukri.com/job-listings-android-developer-codunite-jaipur-0-to-2-years-120925502803
Android Developer,Android Developer,Primecore Solutions,0-1 yrs,Hyderabad,"Multithreading, Web services, SOAP, Analytics, Android, google maps, Cartography, Development",3+ weeks ago,https://www.naukri.com/job-listings-android-developer-primecore-solutions-hyderabad-0-to-1-years-060923500912
Android Developer,ANDROID Developer,Neolite Infotech,0-2 yrs,Mumbai,"Computer science, Web services, java, application, web, XML, SQLite, mobile",3+ weeks ago,https://www.naukri.com/job-listings-android-developer-neolite-infotech-india-pvt-ltd-mumbai-0-to-2-years-051118501064
Android Developer,Android Developer,Prabhu Studio,0-1 yrs,Gandhinagar,"c++, css, android, bug fixing, coding, requirement gathering, java, git",3+ weeks ago,https://www.naukri.com/job-listings-android-developer-prabhu-studio-gandhinagar-0-to-1-years-020925501235
Android Developer,Android Developer,Walk Digitally,0-3 yrs,Cuttack,"innovation, excel, stakeholder management, multitasking, analytical skills, work ethics, Management, Android",3+ weeks ago,https://www.naukri.com/job-listings-android-developer-walk-digitally-cuttack-0-to-3-years-301225506252
Android Developer,Android developer,Aspiration Solutions,0-3 yrs,Surat,"c++, css, android, bug fixing, coding, requirement gathering, java, git",3+ weeks ago,https://www.naukri.com/job-listings-android-developer-aspiration-solutions-surat-0-to-3-years-050724501578
Android Developer,Android Developer,Nevonprojects,0-2 yrs,Mumbai,"Performance tuning, Automation, Backend, User interface designing, Manager Technology, Electronics, Android SDK, Research",3+ weeks ago,https://www.naukri.com/job-listings-android-developer-nevonprojects-mumbai-0-to-2-years-301122501683
Android Developer,Android Developer,Ieverware,0-3 yrs,Hyderabad,"MS SQL, Coding, .Net, SQL coding, Android, SQL Server, Microsoft, Android Application Development",3+ weeks ago,https://www.naukri.com/job-listings-android-developer-ieverware-hyderabad-0-to-3-years-040822501066
Flutter Developer,Jr. Flutter Developer,Website Developers India,0-1 yrs,Mumbai,"rest, c++, sqlite, android, flutter development, mobile application development, iphone, javascript",3+ weeks ago,https://www.naukri.com/job-listings-jr-flutter-developer-website-developers-india-mumbai-0-to-1-years-241125502848
Flutter Developer,Assistant Flutter Developer (Junior / Associate Developer),Spacedge Creation,0-1 yrs,Mumbai,"Computer science, Backend, Version control, Coding, Web development, Debugging, Javascript, Junior Associate",6 days ago,https://www.naukri.com/job-listings-assistant-flutter-developer-junior-associate-developer-spacedge-creation-mumbai-0-to-1-years-270326506569
Flutter Developer,Flutter Developer,Rishabraj Estate Developers,1-3 yrs,Mumbai(Borivali East),"Flutter, Dart, Swift, IOS, Android, Kotlin, Development, Flutter Development",1 day ago,https://www.naukri.com/job-listings-flutter-developer-rishabraj-estate-developers-mumbai-1-to-3-years-020426016668
Flutter Developer,Flutter Developer,Vocsy Infotech,0-2 yrs,Surat,"rest, c++, sqlite, android, flutter development, mobile application development, iphone, javascript",3+ weeks ago,https://www.naukri.com/job-listings-flutter-developer-vocsy-infotech-surat-0-to-2-years-080724503111
Flutter Developer,Flutter Developer,Appworld Infotech,0-1 yrs,Surat,"Packaging, IOS, Android, Flutter, Flutter Development, Io, Development",3+ weeks ago,https://www.naukri.com/job-listings-flutter-developer-appworld-infotech-surat-0-to-1-years-150323500069
Flutter Developer,Flutter Developer,Livelyworks,0-2 yrs,Nagpur,"rest, c++, sqlite, android, flutter development, mobile application development, iphone, javascript",3+ weeks ago,https://www.naukri.com/job-listings-flutter-developer-livelyworks-nagpur-0-to-2-years-280624502803
Flutter Developer,Flutter Developer,Idreamdevelopers,0-2 yrs,Coimbatore,"rest, c++, sqlite, android, flutter development, mobile application development, iphone, javascript",3+ weeks ago,https://www.naukri.com/job-listings-flutter-developer-idreamdevelopers-coimbatore-0-to-2-years-291025503231
Flutter Developer,Flutter Developer,Nascenture Software Solutions,0-2 yrs,Mohali,"c++, c, sqlite, android, flutter development, mobile application development, iphone, javascript",3+ weeks ago,https://www.naukri.com/job-listings-flutter-developer-nascenture-software-solutions-mohali-0-to-2-years-031125504883
Flutter Developer,Flutter Developer,Link Ideas Technologies,0-3 yrs,Bhilai,"css, android, flutter development, mobile application development, ios, dart, java, ui",3+ weeks ago,https://www.naukri.com/job-listings-flutter-developer-link-ideas-technologies-bhilai-0-to-3-years-270525502134
Flutter Developer,Flutter Developer,Innsof,0-1 yrs,Kozhikode,"rest, c++, c, sqlite, android, flutter development, mobile application development, iphone",3+ weeks ago,https://www.naukri.com/job-listings-flutter-developer-innsof-pvt-ltd-kozhikode-0-to-1-years-041125501608
Flutter Developer,Flutter Developer,RCK Infosystem,0-1 yrs,Dhanbad,"rest, c++, c, sqlite, android, flutter development, mobile application development, iphone",3+ weeks ago,https://www.naukri.com/job-listings-flutter-developer-rck-infosystem-opc-private-limited-dhanbad-0-to-1-years-270624500948
Flutter Developer,Flutter Developer (1-3 yrs),Smarthms Solutions,1-3 yrs,Thiruvananthapuram,"Javascript, Flutter, Dart, Html/Css, HTML, Cs, HTML, Flutter Development",1 week ago,https://www.naukri.com/job-listings-flutter-developer-1-3-yrs-smarthms-solutions-thiruvananthapuram-1-to-3-years-250326021636
Flutter Developer,FLUTTER APP DEVELOPER,Jharkhand It Services,0-1 yrs,Ranchi,"rest, css, c++, c, sqlite, android, android studio, kotlin",3+ weeks ago,https://www.naukri.com/job-listings-flutter-app-developer-jharkhand-it-services-ranchi-0-to-1-years-110724502176
Flutter Developer,Flutter Developer,Invennico Technolabs,1-3 yrs,Vadodara,"BLoc, Flutter Development, Ios Deployed, Dart, Android Deployed, English, Api Integration, Hindi",2 days ago,https://www.naukri.com/job-listings-flutter-developer-invennico-technolabs-vadodara-1-to-3-years-310326018431
Flutter Developer,Flutter Developer,VPN Infotech,1-3 yrs,Surat,"rest, c++, c, sqlite, android, flutter development, mobile application development, iphone",3+ weeks ago,https://www.naukri.com/job-listings-flutter-developer-vpn-infotech-surat-1-to-3-years-210524500701
Flutter Developer,Junior Flutter Developer,Appsmartz,0-2 yrs,Mohali,"Mobile applications, Flutter, Application, Development",3+ weeks ago,https://www.naukri.com/job-listings-junior-flutter-developer-appsmartz-mohali-0-to-2-years-160925503938
Flutter Developer,Flutter app developer,Uncharted Infolabs,0-2 yrs,Gurugram,"server, css, c++, android, flutter development, mobile application development, dart, java",3+ weeks ago,https://www.naukri.com/job-listings-flutter-app-developer-enrichai-gurugram-0-to-2-years-270624501061
Flutter Developer,Flutter Developer,Akash Technolabs,0-2 yrs,Ahmedabad,"Analytical skills, Basic, User interface designing, Eclipse, SQLite, android studio, JSON, Android SDK",3+ weeks ago,https://www.naukri.com/job-listings-flutter-developer-akash-technolabs-ahmedabad-0-to-2-years-120424502548
Flutter Developer,Flutter Developer,OM Software,1-3 yrs,Pune,"software development, ux, web services, software testing, sqlite, android, android studio, kotlin",3+ weeks ago,https://www.naukri.com/job-listings-flutter-developer-om-softwares-pune-1-to-3-years-060226507073
Flutter Developer,Flutter Developer,Encoders Technologies,1-3 yrs,Kolkata(Salt Lake),"Flutter, Flutter Development, Android Application Development, English, Bengali, Mobile Development, Ios Development, Hindi",1 day ago,https://www.naukri.com/job-listings-flutter-developer-encoders-technologies-kolkata-1-to-3-years-020426017772
Flutter Developer,Flutter Developer,Flitzen,1-3 yrs,Rajkot,"Computer science, Training, Backend, github, GIT, PDF, Banking, Management",1 week ago,https://www.naukri.com/job-listings-flutter-developer-flitzen-technologies-opc-private-limited-rajkot-1-to-3-years-200326500473
Flutter Developer,Flutter Developer,Andswitch Tech,0-3 yrs,Rajkot,"Performance tuning, continuous integration, Backend, GIT, User interface designing, Programming, Unit testing, Management",3+ weeks ago,https://www.naukri.com/job-listings-flutter-developer-andswitchtech-rajkot-0-to-3-years-061025501009
Flutter Developer,Junior Flutter Developer,Mother Software And Technology Services,0-3 yrs,Tiruchirapalli,"CVS, C++, Front end, Debugging, Javascript, Agile, HTML, Scrum",3+ weeks ago,https://www.naukri.com/job-listings-junior-flutter-developer-mother-software-and-technology-services-tiruchirapalli-0-to-3-years-210324500860
Flutter Developer,Flutter Developer,Maxlink It Solutions,0-1 yrs,Vadodara,"Software project, continuous integration, Version control, GIT, PDF, android studio, Deployment, IOS",3+ weeks ago,https://www.naukri.com/job-listings-flutter-developer-maxlink-it-solutions-pvt-ltd-vadodara-0-to-1-years-090223502753
Flutter Developer,Flutter Developer,W3cert,0-2 yrs,Coimbatore,"Front end, Version control, Networking, Subversion, MySQL, Debugging, PHP, HTTP",3+ weeks ago,https://www.naukri.com/job-listings-flutter-developer-w3cert-coimbatore-0-to-2-years-150125503398
Flutter Developer,Flutter Developer,Fruxinfo,0-1 yrs,Ahmedabad,"UI development, Backend, Version control, GIT, Mobile applications, Management, Troubleshooting, IOS",3+ weeks ago,https://www.naukri.com/job-listings-flutter-developer-fruxinfo-private-limited-ahmedabad-0-to-1-years-111125503018
Flutter Developer,Flutter Developer,Savyasachi Infotech,0-2 yrs,Surat,"Manager Quality Assurance, Mobile development, Consulting, Javascript, Packaging, System design, bootstrap, IOS",3+ weeks ago,https://www.naukri.com/job-listings-flutter-developer-savyasachiinfotech-surat-0-to-2-years-090524500840
Flutter Developer,Flutter Developer,Innspark Solutions,0-3 yrs,Kollam,"Performance tuning, software architecture, Version control, GIT, MVVM, TDD, GCP, Management systems",3+ weeks ago,https://www.naukri.com/job-listings-flutter-developer-innspark-kollam-0-to-3-years-131224503253
Flutter Developer,Flutter Developer,Swan Softweb,0-1 yrs,Ahmedabad,"Performance tuning, Automation testing, GIT, Version control, User interface designing, Agile development, Swift, IOS",3+ weeks ago,https://www.naukri.com/job-listings-flutter-developer-swansoftwebsolutions-ahmedabad-0-to-1-years-160623501776
Flutter Developer,Senior Flutter Developer,Mother Software And Technology Services,0-3 yrs,Tiruchirapalli,"CVS, C++, Front end, Debugging, Javascript, Agile, HTML, Scrum",3+ weeks ago,https://www.naukri.com/job-listings-senior-flutter-developer-mother-software-and-technology-services-tiruchirapalli-0-to-3-years-210324500855
Flutter Developer,Flutter Developer,B2E Technology,1-3 yrs,Chennai,"rest, css, c++, c, sqlite, android, android studio, kotlin",3+ weeks ago,https://www.naukri.com/job-listings-flutter-developer-b2e-technology-pvt-ltd-chennai-1-to-3-years-291025504095
Flutter Developer,Flutter Developer,Sivacerulean Technologies,1-3 yrs,Hybrid - Chennai,"Flutter, IOS, Kotlin, Dart, Android, Io, Development, Flutter Development",2 weeks ago,https://www.naukri.com/job-listings-flutter-developer-sivacerulean-technologies-chennai-1-to-3-years-170326033596
QA Engineer,QA Engineer,Zuru Edge,1-3 yrs,Kolkata,"Computer science, GIT, AutoCAD, Functional testing, Debugging, Scrum, Test cases, Manager Quality Control",2 weeks ago,https://www.naukri.com/job-listings-qa-engineer-zuru-edge-kolkata-1-to-3-years-190326504628
QA Engineer,QA Engineer,Voyon,1-3 yrs,"Kochi, Chennai","Computer science, Automation, Manager Quality Assurance, Test scripts, Javascript, Workflow, Selenium, Test cases",2 days ago,https://www.naukri.com/job-listings-qa-engineer-voyon-technology-services-pvt-ltd-kochi-chennai-1-to-3-years-310326501239
QA Engineer,Qa Engineer,Narayana Health (NH),1-3 yrs,Hybrid - Bengaluru,"BOT testing, Functional Testing, STLC, SQL, API Testing, Automation Testing, Software testing, Quality assurance engineering",1 week ago,https://www.naukri.com/job-listings-qa-engineer-narayana-health-nh-bengaluru-1-to-3-years-230326019071
QA Engineer,QA Engineer IoT Devices,Netradyne,1-3 yrs,Bengaluru,"SAN, Linux, Functional testing, Shell scripting, Debugging, Performance testing, Monitoring, Automotive",3 days ago,https://www.naukri.com/job-listings-qa-engineer-iot-devices-netradyne-bengaluru-1-to-3-years-300326502176
QA Engineer,QA Engineer,Technource,0-2 yrs,"Kolkata, Mumbai, New Delhi, Hyderabad, Pune, Chennai, Bengaluru","c, quality assurance, mobile applications, web technologies, manual testing, scrum, agile, Quality assurance engineering",1 week ago,https://www.naukri.com/job-listings-qa-engineer-technource-kolkata-mumbai-new-delhi-hyderabad-pune-chennai-bengaluru-0-to-2-years-200326505910
QA Engineer,QA Engineer,Tirupati Insurance,1-3 yrs,Hisar,"rest, quality control, software testing, quality audit, automation testing, manual testing, problem solving, engineering",3+ weeks ago,https://www.naukri.com/job-listings-qa-engineer-tirupati-insurance-hisar-1-to-3-years-180724501069
Test Engineer,Engineer - XR Test,Qualcomm,1-3 yrs,Bengaluru,"architecture, image processing, python, gaming, data analysis, multimedia technologies, ai, networking",1 week ago,https://www.naukri.com/job-listings-engineer-xr-test-qualcomm-india-pvt-ltd-bengaluru-1-to-3-years-270326909787
Test Engineer,Test Engineer,Bajaj Finance,1-3 yrs,Bengaluru,"qa engineer, css, python, ux, software testing, issue resolution, automation testing, sprint",1 day ago,https://www.naukri.com/job-listings-test-engineer-bajaj-finance-limited-bengaluru-1-to-3-years-020426911823
Test Engineer,Testing Engineers,Xiota,0-3 yrs,Bengaluru,"performance testing, regression testing, automation testing, test case execution, test cases, bugzilla, test scripts, stress testing",3+ weeks ago,https://www.naukri.com/job-listings-testing-engineers-xiota-bengaluru-0-to-3-years-250425501408
Test Engineer,TEST ENGINEER,Godigi Infotech,0-1 yrs,Pune,"Automation testing, Manual testing, Automation tools, QTP, Software testing, Manual, Automation, Tools",3+ weeks ago,https://www.naukri.com/job-listings-test-engineer-godigi-infotech-pune-0-to-1-years-061123500210
Test Engineer,Testing Engineer,Ultraliant,0-1 yrs,Nashik,"software testing, regression testing, automation testing, documentation, manual testing, test cases, software development life cycle, functional testing",3+ weeks ago,https://www.naukri.com/job-listings-testing-engineer-ultraliant-nashik-0-to-1-years-110724502513
Test Engineer,Test Engineer,Tangibleheed Infotech,1-3 yrs,Pune,"software testing, regression testing, automation testing, test cases, manual testing, smoke testing, functional testing, test engineering",3+ weeks ago,https://www.naukri.com/job-listings-test-engineer-tangibleheed-infotech-pune-1-to-3-years-240425500915
Test Engineer,Test Engineer,QualityKiosk,1-3 yrs,Mumbai,"Test case execution, Quality standards, Test planning, Test cases, Defect management, Planning, Software testing, Case",3 days ago,https://www.naukri.com/job-listings-test-engineer-qualitykiosk-mumbai-1-to-3-years-300326503465
Test Engineer,Test Engineer,Zebronics,0-1 yrs,Chennai,"Communication Skills, Electronic Components, PCB Knowledge, Hardware Testing, Gadget Testing, Peripheral Testing, Batch Testing, Test Engineer",1 week ago,https://www.naukri.com/job-listings-test-engineer-zebronics-chennai-0-to-1-years-230326003102
Test Engineer,Test Engineer,Expro Informatics India,1-3 yrs,Hyderabad,"Automation testing, Tracking, Testing tools, Defect tracking, Test execution, Black Box, Test cases, closure",3+ weeks ago,https://www.naukri.com/job-listings-test-engineer-expro-informatics-india-pvt-ltd-hyderabad-1-to-3-years-260917500614
Test Engineer,Test Engineer,QualityKiosk,1-3 yrs,Mumbai,"Usage, SAP, orchestration, Monitoring, Automation Lead, Testing, Test engineering, Software testing",1 week ago,https://www.naukri.com/job-listings-test-engineer-qualitykiosk-mumbai-1-to-3-years-200326500363
Test Engineer,Test Engineer,QualityKiosk,1-3 yrs,Mumbai,"Usage, SAP, orchestration, Monitoring, Automation Lead, Testing, Test engineering, Software testing",1 week ago,https://www.naukri.com/job-listings-test-engineer-qualitykiosk-mumbai-1-to-3-years-200326500362
Product Analyst,Product Analyst,MyGate,0-1 yrs,Bengaluru,"digital, confluence, data analytics, strong analytical skills, presentation skills, business analysis, google, problem solving",2 weeks ago,https://www.naukri.com/job-listings-product-analyst-mygate-bengaluru-0-to-1-years-170326503396
Product Analyst,Product Analyst,Fan Tv Ai,0-2 yrs,Noida,"Product Analysis, Product Analyst, dashboards reporting, PRDs, roadmap planning, user stories, Reporting, Roadmap",6 days ago,https://www.naukri.com/job-listings-product-analyst-fan-tv-ai-noida-0-to-2-years-270326927332
Product Analyst,Product Analyst,Exxat Systems,0-1 yrs,Vadodara,"Metrics, Insights, Product Analysis, Data Analysis, Reporting, Analysis, Data",1 week ago,https://www.naukri.com/job-listings-product-analyst-exxat-vadodara-0-to-1-years-200326504731
Product Analyst,Product Analyst,Uni Cards,0-3 yrs,Bengaluru,"competitor analysis, python, data analytics, data analysis, business analysis, business analytics, product analysis, user stories",2 days ago,https://www.naukri.com/job-listings-product-analyst-uni-card-bengaluru-0-to-3-years-310326502403
Product Analyst,Product Analyst,Cleartax,0-2 yrs,Bengaluru(Bommanahalli),"Excel, SQL, Product Analysis, SQL Queries, Analytics, Analysis, Query",3+ weeks ago,https://www.naukri.com/job-listings-product-analyst-cleartax-bengaluru-0-to-2-years-050326004397
Product Analyst,Product Analyst,Exxat Systems,1-3 yrs,Vadodara,"python, data analytics, data analysis, business analysis, product analysis, machine learning, business intelligence, sql server",1 week ago,https://www.naukri.com/job-listings-product-analyst-exxat-vadodara-1-to-3-years-200326504728
Product Analyst,Product Analyst,A1apps,0-3 yrs,Gurugram,"Product Analyst, Usage, Google Analytics, Business Analyst, Data Analyst, Management, SQL, Python",3+ weeks ago,https://www.naukri.com/job-listings-product-analyst-a1apps-gurugram-0-to-3-years-100325501092
Product Analyst,Product Analyst,Across Assist,0-3 yrs,Gurugram,"Analytical skills, Product Analyst, Backend, Data analysis, Assurance, Diversity and Inclusion, product life cycle, Market research",3+ weeks ago,https://www.naukri.com/job-listings-product-analyst-across-assist-private-limited-gurugram-0-to-3-years-061124500732
